timestamp,open,high,low,close,volume
2025-04-30 19:45:00,240.0815,240.2007,240.0815,240.2007,408
2025-04-30 19:30:00,240.2007,240.2007,240.0815,240.0816,231
2025-04-30 19:15:00,239.9326,240.2007,239.9326,240.1991,2285
2025-04-30 19:00:00,240.2007,240.8761,239.8828,239.8828,1370707
2025-04-30 18:45:00,239.8927,241.3728,239.8431,240.3894,373
2025-04-30 18:30:00,240.2007,241.3728,239.8431,239.8927,1370947
2025-04-30 18:15:00,239.6246,240.3795,239.6246,240.3795,795
2025-04-30 18:00:00,239.4656,239.6246,238.3929,239.6146,2190
2025-04-30 17:45:00,239.4358,240.3894,238.8895,239.4756,754
2025-04-30 17:30:00,239.3862,240.3795,238.8895,239.4358,236
2025-04-30 17:15:00,239.4160,240.3795,238.6809,240.1808,423
2025-04-30 17:00:00,239.4855,239.6345,238.5121,239.3663,2740
2025-04-30 16:45:00,239.7239,240.3795,239.2769,239.2868,2144
2025-04-30 16:30:00,239.4870,241.2734,239.4855,239.7239,1567
2025-04-30 16:15:00,240.2007,240.4490,239.3862,239.7835,3638
2025-04-30 16:00:00,239.9722,241.3728,237.3201,239.4557,4541712
2025-04-30 15:45:00,238.9590,240.8463,238.8930,239.9623,558415
2025-04-30 15:30:00,238.3829,238.9789,238.1644,238.9690,108051
2025-04-30 15:15:00,238.9491,239.1279,238.2538,238.4525,121646
2025-04-30 15:00:00,238.6958,239.1378,238.6958,238.8994,74014
2025-04-30 14:45:00,238.6710,239.3464,238.6015,238.6511,62685
2025-04-30 14:30:00,239.1776,239.2968,238.5021,238.6710,83400
2025-04-30 14:15:00,239.6146,240.0114,238.9126,239.2272,59885
2025-04-30 14:00:00,239.3067,240.4391,239.0435,239.6494,96968
2025-04-30 13:45:00,239.3762,239.5352,238.9193,239.3222,67648
2025-04-30 13:30:00,239.1478,239.8232,239.0241,239.4259,103777
2025-04-30 13:15:00,237.7671,239.2670,237.7671,239.1923,111276
2025-04-30 13:00:00,238.0949,238.3134,237.4691,237.7472,57928
2025-04-30 12:45:00,237.9260,238.1942,237.8068,238.0452,49583
2025-04-30 12:30:00,237.3201,238.0651,236.9654,237.9111,46021
2025-04-30 12:15:00,236.8234,237.7671,236.8135,237.2804,168040
2025-04-30 12:00:00,237.2953,237.4790,236.7042,236.8135,95368
2025-04-30 11:45:00,236.9923,237.4492,236.6148,237.3400,195008
2025-04-30 11:30:00,236.5552,237.0221,236.4062,237.0072,71669
2025-04-30 11:15:00,236.2871,237.0221,236.2473,236.5552,64020
2025-04-30 11:00:00,235.9046,236.4956,235.9046,236.3467,60352
2025-04-30 10:45:00,235.6215,236.1579,235.3718,235.9046,159413
2025-04-30 10:30:00,234.8120,235.7109,234.5696,235.5917,75667
2025-04-30 10:15:00,234.1018,234.8964,233.8137,234.8964,81433
2025-04-30 10:00:00,233.4263,234.2408,233.1083,234.2408,92142
2025-04-30 09:45:00,233.4760,234.2210,232.7709,233.2823,120666
2025-04-30 09:30:00,235.1448,235.1994,233.1681,233.6846,192210
2025-04-30 09:15:00,234.9660,235.7108,234.9163,235.0752,5588
2025-04-30 09:00:00,234.9167,235.5619,234.8170,234.9362,2059
2025-04-30 08:45:00,235.6712,235.7109,234.4196,235.0454,7817
2025-04-30 08:30:00,236.5155,237.7869,235.6315,235.6811,295618
2025-04-30 08:15:00,237.0618,237.3996,235.6491,235.6491,780
2025-04-30 08:00:00,237.5684,238.6897,236.7484,237.0618,34662
2025-04-30 07:45:00,237.4989,237.4989,237.2208,237.2307,206
2025-04-30 07:30:00,237.2307,237.5982,237.2307,237.5287,150
2025-04-30 07:15:00,237.2903,237.4492,237.0022,237.2307,277
2025-04-30 07:00:00,237.0320,237.5982,237.0320,237.1214,177
2025-04-30 06:45:00,237.2208,237.3499,237.2208,237.3002,36
2025-04-30 06:30:00,237.0320,237.1910,237.0320,237.1910,6
2025-04-30 06:15:00,237.1810,237.1810,237.0022,237.0320,12
2025-04-30 06:00:00,237.3002,237.3002,237.3002,237.3002,2
2025-04-30 05:45:00,236.9128,237.3698,236.9128,237.3102,16
2025-04-30 05:30:00,237.4294,237.4294,237.0022,237.0022,3
2025-04-30 05:15:00,236.9526,237.3797,236.9128,237.3797,26
2025-04-30 05:00:00,237.3797,237.3797,237.3797,237.3797,1
2025-04-30 04:45:00,237.1512,237.5982,236.9029,236.9029,18
2025-04-30 04:15:00,237.3698,237.3698,236.4261,237.3598,130
2025-04-30 04:00:00,237.5982,237.7869,236.6148,237.3698,13
2025-04-29 19:45:00,236.2175,237.6876,235.6613,237.6876,179
2025-04-29 19:30:00,236.1877,236.4063,235.6613,236.2175,103
2025-04-29 19:15:00,236.0189,236.1977,235.6613,235.6613,56
2025-04-29 19:00:00,237.7869,237.7869,235.6613,235.7606,502726
2025-04-29 18:45:00,237.6404,237.6975,237.4095,237.6975,158
2025-04-29 18:30:00,237.7869,237.7869,235.9096,237.3996,501603
2025-04-29 18:15:00,234.5786,237.6975,234.5786,237.4393,53
2025-04-29 18:00:00,237.4492,237.6876,237.4194,237.4194,53
2025-04-29 17:45:00,237.4989,237.6975,237.4095,237.6975,91
2025-04-29 17:30:00,237.7373,237.7472,237.4989,237.4989,95
2025-04-29 17:15:00,238.0651,238.0849,237.4169,237.8962,216
2025-04-29 17:00:00,238.0452,238.0949,235.5321,238.0849,81283
2025-04-29 16:45:00,237.7373,238.3531,237.7273,237.7273,32
2025-04-29 16:30:00,237.8267,238.2250,237.7671,237.7770,13149
2025-04-29 16:15:00,237.7869,238.3730,237.5438,237.8565,577
2025-04-29 16:00:00,237.7075,238.3929,234.6481,238.3531,1575005
2025-04-29 15:45:00,237.9060,238.3730,237.6181,237.7075,344805
2025-04-29 15:30:00,238.1942,238.2240,237.7075,237.8912,102998
2025-04-29 15:15:00,238.0551,238.2538,237.7969,238.1445,88166
2025-04-29 15:00:00,237.8962,238.1843,237.7869,238.0452,77508
2025-04-29 14:45:00,237.8565,238.1314,237.7969,237.9009,58737
2025-04-29 14:30:00,237.8217,238.0353,237.7770,237.9776,50847
2025-04-29 14:15:00,237.9757,238.1942,237.7373,237.7969,63529
2025-04-29 14:00:00,238.1147,238.3035,237.7969,238.0253,67066
2025-04-29 13:45:00,237.5833,238.1892,237.4891,238.1147,62062
2025-04-29 13:30:00,237.2357,237.7472,237.1115,237.5972,125332
2025-04-29 13:15:00,236.6446,237.3974,236.6446,237.3102,45677
2025-04-29 13:00:00,236.5905,236.7936,236.3698,236.6943,42349
2025-04-29 12:45:00,237.3797,237.3847,236.3566,236.6148,62659
2025-04-29 12:30:00,238.0949,238.2439,237.1463,237.4294,101956
2025-04-29 12:15:00,237.6578,238.1445,237.5336,238.0651,131713
2025-04-29 12:00:00,237.1115,237.7671,237.0820,237.5883,57734
2025-04-29 11:45:00,237.3996,237.6330,236.9626,237.1065,56730
2025-04-29 11:30:00,237.3400,237.3996,236.3468,237.3201,99510
2025-04-29 11:15:00,237.2804,237.4491,236.5186,237.3400,120296
2025-04-29 11:00:00,237.6181,237.6876,236.9924,237.3698,82261
2025-04-29 10:45:00,237.1214,237.7472,237.1214,237.5684,109369
2025-04-29 10:30:00,236.2324,237.5982,236.1877,237.1910,136101
2025-04-29 10:15:00,236.8234,237.2108,235.8500,236.1728,124391
2025-04-29 10:00:00,236.5858,237.3996,236.4758,236.8234,151537
2025-04-29 09:45:00,235.8997,237.0320,235.8997,236.7042,227039
2025-04-29 09:30:00,235.4129,236.0387,234.5587,235.8055,155952
2025-04-29 09:15:00,234.2210,235.1646,233.5555,235.1646,982
2025-04-29 09:00:00,234.6382,234.6382,233.5555,233.9826,1089
2025-04-29 08:45:00,234.8766,235.0976,234.2706,234.6481,1324
2025-04-29 08:30:00,235.1547,235.4129,234.6183,235.0454,727
2025-04-29 08:15:00,235.2938,235.4129,234.6183,235.4118,266
2025-04-29 08:00:00,234.6382,235.4129,234.4196,234.9560,1992
2025-04-29 07:45:00,235.2938,235.2938,235.2838,235.2838,494
2025-04-29 07:30:00,234.9163,235.3533,234.7474,235.3533,132
2025-04-29 07:15:00,234.9262,235.0752,234.8766,235.0752,82
2025-04-29 07:00:00,234.9958,235.0454,234.5190,234.9163,1164
2025-04-29 06:45:00,235.2739,235.2739,234.4196,234.9064,768
2025-04-29 06:30:00,235.7904,235.7904,235.1746,235.4129,779
2025-04-29 06:15:00,235.7805,235.7904,235.5917,235.7904,159
2025-04-29 06:00:00,235.4527,235.7904,235.4527,235.5123,230
2025-04-29 05:45:00,235.3732,235.4527,235.3732,235.4527,168
2025-04-29 05:30:00,235.1746,235.4129,235.1746,235.3732,79
2025-04-29 05:15:00,235.0951,235.4229,235.0951,235.0951,134
2025-04-29 05:00:00,235.3931,235.4129,235.1944,235.4030,353
2025-04-29 04:45:00,235.0156,235.3931,235.0156,235.0752,31
2025-04-29 04:30:00,235.4030,235.4030,235.0454,235.0454,30
2025-04-29 04:15:00,235.3931,235.3931,235.0156,235.0454,34
2025-04-29 04:00:00,235.0156,235.4030,234.9560,235.0156,50
2025-04-28 19:45:00,234.5786,234.5984,234.0367,234.0367,90
2025-04-28 19:30:00,234.1217,234.5984,234.1217,234.5786,184
2025-04-28 19:15:00,234.0422,234.3203,234.0422,234.2508,542
2025-04-28 19:00:00,234.5786,234.5786,233.8733,234.0223,449874
2025-04-28 18:45:00,233.9230,234.2210,233.8336,233.8336,161
2025-04-28 18:30:00,234.5786,234.5786,233.8733,233.8733,444490
2025-04-28 18:15:00,234.0422,234.3203,230.8537,230.8537,183
2025-04-28 18:00:00,233.9230,234.3203,233.9230,233.9329,164
2025-04-28 17:45:00,234.2508,234.3203,233.8336,234.2408,252
2025-04-28 17:30:00,233.8792,234.3203,233.8792,234.3203,213
2025-04-28 17:15:00,234.3203,234.3203,233.8608,233.9250,315
2025-04-28 17:00:00,234.2210,234.3203,234.1713,234.1713,17
2025-04-28 16:45:00,234.3104,234.3203,233.8652,233.9528,537
2025-04-28 16:30:00,234.2210,234.3203,233.5753,234.3104,1137
2025-04-28 16:15:00,234.5786,234.9759,233.2277,234.2210,51744
2025-04-28 16:00:00,234.4991,234.9858,233.2277,234.9858,1427359
2025-04-28 15:45:00,234.1713,235.0454,234.1713,234.5488,478192
2025-04-28 15:30:00,234.2458,234.3104,233.5555,234.1713,218713
2025-04-28 15:15:00,234.3004,234.8269,234.2100,234.2210,121898
2025-04-28 15:00:00,233.6349,234.3700,233.6349,234.2848,148421
2025-04-28 14:45:00,233.7541,233.9528,233.6151,233.6548,71640
2025-04-28 14:30:00,233.5952,233.7839,233.4859,233.6995,74165
2025-04-28 14:15:00,232.8800,233.6747,232.6714,233.6151,114041
2025-04-28 14:00:00,233.1681,233.2475,232.6714,232.8502,84768
2025-04-28 13:45:00,232.6516,233.2674,232.5224,233.1829,77793
2025-04-28 13:30:00,231.7526,232.8155,231.5093,232.7012,91249
2025-04-28 13:15:00,231.3603,232.0655,231.3106,231.7526,61957
2025-04-28 13:00:00,231.4332,231.9066,231.3398,231.4199,70635
2025-04-28 12:45:00,231.6185,231.9662,231.1815,231.4199,45622
2025-04-28 12:30:00,231.2907,231.7675,231.1417,231.5589,54736
2025-04-28 12:15:00,231.3205,231.7873,231.0952,231.3205,44256
2025-04-28 12:00:00,231.6682,231.7079,231.0126,231.2609,56574
2025-04-28 11:45:00,231.8122,232.2741,231.6781,231.6781,56459
2025-04-28 11:30:00,231.3652,232.2741,231.2709,231.7576,64542
2025-04-28 11:15:00,231.3801,231.7973,231.1417,231.3205,86577
2025-04-28 11:00:00,231.1914,231.4993,230.7544,231.4993,76955
2025-04-28 10:45:00,231.5490,231.8867,231.2113,231.2113,67863
2025-04-28 10:30:00,231.1666,231.6185,230.5160,231.4944,95483
2025-04-28 10:15:00,231.7874,232.1846,231.1368,231.1864,176067
2025-04-28 10:00:00,231.6483,232.1648,231.0722,231.8172,126227
2025-04-28 09:45:00,234.0124,234.3202,231.7079,231.7824,175426
2025-04-28 09:30:00,231.3007,234.3402,230.8835,233.9925,298340
2025-04-28 09:15:00,231.0921,231.9364,231.0523,231.2510,2673
2025-04-28 09:00:00,231.4993,231.4993,230.9629,231.0921,2396
2025-04-28 08:45:00,230.9828,231.4298,230.9431,231.0523,2104
2025-04-28 08:30:00,230.6650,231.6384,230.6650,231.1914,4014
2025-04-28 08:15:00,230.4464,230.9431,230.4441,230.6650,469
2025-04-28 08:00:00,230.4464,232.0345,229.6121,230.4455,1672
2025-04-28 07:45:00,230.8537,230.8537,230.5954,230.7444,54
2025-04-28 07:30:00,230.3471,230.7941,230.1584,230.7941,962
2025-04-28 07:15:00,230.4067,230.4266,230.1484,230.1484,36
2025-04-28 07:00:00,230.3769,230.4464,230.1981,230.4067,265
2025-04-28 06:45:00,230.2577,230.3372,230.2478,230.3372,44
2025-04-28 06:30:00,230.2478,230.3769,230.2478,230.2577,12
2025-04-28 06:15:00,230.4266,230.4464,230.2875,230.4464,76
2025-04-28 06:00:00,230.4464,230.4762,230.1981,230.4464,62
2025-04-28 05:45:00,230.2875,230.4564,230.2080,230.4266,131
2025-04-28 05:30:00,230.5855,230.5954,230.2577,230.4464,30
2025-04-28 05:15:00,230.3769,230.5855,230.3272,230.3272,32
2025-04-28 05:00:00,230.2478,230.4464,230.2478,230.2478,24
2025-04-28 04:45:00,230.4464,230.4464,230.3868,230.4166,74
2025-04-28 04:30:00,230.2180,230.4564,230.1584,230.2478,34
2025-04-28 04:15:00,230.4464,230.4464,229.9100,230.4464,13
2025-04-28 04:00:00,230.8537,230.9927,229.9100,230.4464,133
2025-04-25 19:45:00,230.9927,230.9927,230.6719,230.9927,208
2025-04-25 19:30:00,231.0523,231.0523,230.6552,230.9927,481
2025-04-25 19:15:00,230.9530,231.0523,230.6451,231.0523,307
2025-04-25 19:00:00,230.8537,231.0523,230.7643,231.0422,728548
2025-04-25 18:45:00,231.0523,231.1318,230.6451,230.7643,317
2025-04-25 18:30:00,230.8537,231.3304,230.8537,231.0523,732999
2025-04-25 18:15:00,230.6948,231.4092,230.6948,231.3305,2224
2025-04-25 18:00:00,230.9232,230.9431,230.6451,230.9431,5578
2025-04-25 17:45:00,230.4464,230.5954,230.4464,230.5954,28
2025-04-25 17:30:00,230.6749,230.8437,230.2776,230.8338,265
2025-04-25 17:15:00,230.6650,230.9431,230.2776,230.2776,6
2025-04-25 17:00:00,230.2776,230.8537,230.2776,230.2942,102
2025-04-25 16:45:00,230.8537,230.9265,230.7246,230.8537,3805
2025-04-25 16:30:00,230.4862,230.9431,230.4862,230.8537,10426
2025-04-25 16:15:00,230.4862,230.8537,230.1286,230.4564,33518
2025-04-25 16:00:00,230.8487,230.9431,228.5592,230.1981,2318174
2025-04-25 15:45:00,230.8437,231.4298,230.8140,230.8437,603286
2025-04-25 15:30:00,230.8239,231.0027,230.4762,230.8090,258229
2025-04-25 15:15:00,231.1219,231.4298,230.7742,230.8835,171411
2025-04-25 15:00:00,231.3901,231.7973,231.0041,231.0672,166470
2025-04-25 14:45:00,230.7345,231.3964,230.4961,231.3404,135355
2025-04-25 14:30:00,229.8504,231.1417,229.8504,230.7146,248013
2025-04-25 14:15:00,229.9200,229.9597,229.5127,229.8504,210485
2025-04-25 14:00:00,228.8869,229.9100,228.8671,229.8653,120539
2025-04-25 13:45:00,229.6121,229.7312,228.6485,228.9465,231281
2025-04-25 13:30:00,230.4961,230.8040,229.5922,229.7510,171838
2025-04-25 13:15:00,229.7213,230.6022,229.5425,230.5912,138841
2025-04-25 13:00:00,229.4829,230.2080,229.4531,229.7710,170831
2025-04-25 12:45:00,229.1651,229.7759,228.7777,229.5326,150234
2025-04-25 12:30:00,229.0657,229.2587,227.1288,229.2048,199649
2025-04-25 12:15:00,228.0973,229.4730,227.9731,229.0896,453198
2025-04-25 12:00:00,227.3672,228.1519,227.3622,228.0973,100178
2025-04-25 11:45:00,227.1487,227.6850,226.9798,227.3970,94712
2025-04-25 11:30:00,227.3871,227.9135,227.1288,227.1288,149965
2025-04-25 11:15:00,228.2910,228.3555,227.2778,227.4069,160057
2025-04-25 11:00:00,227.7347,228.7081,227.5062,228.3208,221248
2025-04-25 10:45:00,227.0195,227.9532,226.7613,227.7645,182040
2025-04-25 10:30:00,226.8010,227.4963,226.4082,226.9997,161812
2025-04-25 10:15:00,227.4169,227.9234,226.1057,226.8010,246783
2025-04-25 10:00:00,225.8375,227.5857,225.5892,227.4169,328111
2025-04-25 09:45:00,225.5395,226.9699,224.8045,225.5892,267127
2025-04-25 09:30:00,227.4169,228.1279,225.3210,225.6736,407480
2025-04-25 09:15:00,227.1487,228.0625,227.0891,227.1288,6485
2025-04-25 09:00:00,226.8209,227.2679,226.6520,226.6818,788
2025-04-25 08:45:00,226.6520,227.4169,226.5328,226.8209,1758
2025-04-25 08:30:00,226.8109,229.0856,226.4831,226.5725,674
2025-04-25 08:15:00,226.8606,227.2977,226.4831,226.8209,1141
2025-04-25 08:00:00,226.5626,228.8560,226.4732,226.6222,6982
2025-04-25 07:45:00,227.0593,227.0891,226.8308,226.9500,323
2025-04-25 07:30:00,227.3573,227.4665,226.8308,226.8308,1456
2025-04-25 07:15:00,227.2877,227.4665,227.2679,227.3573,615
2025-04-25 07:00:00,226.5229,227.2083,226.4931,227.0791,1937
2025-04-25 06:45:00,226.9699,227.1387,226.2845,226.5129,938
2025-04-25 06:30:00,227.0593,227.3573,226.4732,226.5030,733
2025-04-25 06:15:00,227.5162,227.8142,226.9699,226.9699,725
2025-04-25 06:00:00,227.7148,227.9532,227.4665,227.8638,1377
2025-04-25 05:45:00,227.7943,227.7943,227.5758,227.5758,234
2025-04-25 05:30:00,227.9433,227.9433,227.7943,227.7943,114
2025-04-25 05:15:00,227.6652,228.0526,227.5956,227.9731,324
2025-04-25 05:00:00,227.7645,227.8738,227.5758,227.8638,355
2025-04-25 04:45:00,227.7645,227.8638,227.5758,227.7645,86
2025-04-25 04:30:00,227.7943,227.8638,227.5360,227.8539,694
2025-04-25 04:15:00,227.7446,228.1420,227.6453,227.7943,515
2025-04-25 04:00:00,228.3605,228.3605,227.6850,227.7248,534
2025-04-24 19:45:00,227.8142,227.8142,227.5658,227.8142,1963
2025-04-24 19:30:00,227.9135,227.9135,227.7744,227.8142,4577
2025-04-24 19:15:00,227.9830,227.9830,227.8638,227.9135,387
2025-04-24 19:00:00,227.7943,228.0625,227.7943,227.8340,828852
2025-04-24 18:45:00,227.7744,228.0128,227.5658,227.9135,3199
2025-04-24 18:30:00,227.7943,227.7943,227.5658,227.6354,830113
2025-04-24 18:15:00,227.7347,227.7943,227.4735,227.7645,5087
2025-04-24 18:00:00,227.5658,227.7645,227.4665,227.7645,470
2025-04-24 17:45:00,227.5162,227.7645,227.4665,227.5857,2827
2025-04-24 17:30:00,227.5658,227.7148,227.4864,227.6155,1639
2025-04-24 17:15:00,227.6850,227.6850,227.4665,227.6652,1648
2025-04-24 17:00:00,227.6652,227.6850,227.4838,227.6850,1601
2025-04-24 16:45:00,227.7546,227.7943,227.4665,227.6652,9060
2025-04-24 16:30:00,227.8142,227.8142,227.6056,227.7645,108867
2025-04-24 16:15:00,227.7943,227.9632,227.4665,227.7347,4382
2025-04-24 16:00:00,227.7744,228.3406,227.5658,227.8638,2569694
2025-04-24 15:45:00,227.9334,228.3506,227.4665,227.6751,1050023
2025-04-24 15:30:00,226.8209,228.3389,226.7315,227.8589,395741
2025-04-24 15:15:00,227.1089,227.7446,226.4931,226.8358,281397
2025-04-24 15:00:00,228.5890,228.5890,227.0560,227.1834,245702
2025-04-24 14:45:00,228.6932,228.9465,228.3009,228.7479,182027
2025-04-24 14:30:00,227.3771,228.8049,227.3374,228.7578,325277
2025-04-24 14:15:00,227.1189,227.8738,226.6222,227.4218,271749
2025-04-24 14:00:00,226.2919,227.2202,225.8591,227.1338,220168
2025-04-24 13:45:00,225.7183,226.3937,225.6587,226.3292,198842
2025-04-24 13:30:00,226.3937,226.9003,225.6687,225.7680,250167
2025-04-24 13:15:00,227.1685,227.1983,226.3451,226.3451,163117
2025-04-24 13:00:00,227.1586,228.0526,227.0791,227.1697,205198
2025-04-24 12:45:00,227.1934,227.8847,226.4732,227.2579,343365
2025-04-24 12:30:00,225.9170,227.1785,225.5981,227.1437,349777
2025-04-24 12:15:00,225.8276,229.4879,224.8442,225.9766,331623
2025-04-24 12:00:00,225.9766,226.1156,225.0727,225.8276,233151
2025-04-24 11:45:00,225.1174,226.2348,224.7945,226.0262,364320
2025-04-24 11:30:00,226.3342,226.3590,224.9833,225.1174,428082
2025-04-24 11:15:00,228.1420,228.1618,226.1156,226.3342,480531
2025-04-24 11:00:00,229.0855,229.2843,227.9632,228.1420,372271
2025-04-24 10:45:00,230.9330,230.9330,228.2711,228.8308,546196
2025-04-24 10:30:00,229.8455,231.2212,228.8770,230.7941,528507
2025-04-24 10:15:00,229.6071,231.1318,229.2645,229.8455,767529
2025-04-24 10:00:00,226.9699,230.4266,226.6917,229.5773,913217
2025-04-24 09:45:00,224.1390,228.7158,223.5628,226.9897,1799841
2025-04-24 09:30:00,229.6270,229.6717,222.9372,224.1886,2472549
2025-04-24 09:15:00,227.4069,230.1981,226.9003,229.0061,123959
2025-04-24 09:00:00,227.8539,228.1916,226.7516,227.4069,72907
2025-04-24 08:45:00,228.3903,228.4598,227.4169,227.8638,39064
2025-04-24 08:30:00,227.9532,228.4598,227.0667,228.4598,37915
2025-04-24 08:15:00,228.6585,243.8362,227.4665,227.7645,34768
2025-04-24 08:00:00,227.1189,243.8362,223.9900,228.4598,120354
2025-04-24 07:45:00,226.9500,228.3605,226.4732,228.2612,23779
2025-04-24 07:30:00,227.3970,227.4566,226.4136,226.9202,30632
2025-04-24 07:15:00,227.2281,227.7148,226.9997,227.4467,19466
2025-04-24 07:00:00,227.1487,228.6982,225.9766,227.0394,48266
2025-04-24 06:45:00,227.0195,227.9532,226.4732,227.3573,20217
2025-04-24 06:30:00,225.5991,227.3275,225.5991,227.0195,22184
2025-04-24 06:15:00,225.8176,226.0064,224.7846,225.6686,13157
2025-04-24 06:00:00,225.5693,225.8176,225.0429,225.8176,1170
2025-04-24 05:45:00,225.0826,225.6786,225.0826,225.4799,1799
2025-04-24 05:30:00,225.2515,225.2812,224.6952,225.2812,1691
2025-04-24 05:15:00,225.2812,225.4898,224.9833,225.2217,2384
2025-04-24 05:00:00,224.2283,225.2912,224.1390,225.2912,1893
2025-04-24 04:45:00,224.0198,224.4767,223.8012,224.1687,11146
2025-04-24 04:30:00,225.2812,225.3309,223.9999,224.0595,9164
2025-04-24 04:15:00,224.7349,225.3806,224.4866,225.2713,2986
2025-04-24 04:00:00,227.1685,227.1685,223.9900,224.4270,10440
2025-04-23 19:45:00,227.6055,227.7943,226.5725,227.1089,34948
2025-04-23 19:30:00,227.6751,227.8142,227.1785,227.4665,18462
2025-04-23 19:15:00,227.9036,227.9036,227.6552,227.7546,10369
2025-04-23 19:00:00,243.8362,243.8362,227.4715,227.7645,658330
2025-04-23 18:45:00,227.8638,228.2314,227.6652,228.1022,5448
2025-04-23 18:30:00,243.8362,243.8362,227.6155,227.9135,661432
2025-04-23 18:15:00,228.1718,228.1718,227.1685,227.8837,40320
2025-04-23 18:00:00,228.9565,229.4474,227.7844,228.1718,30292
2025-04-23 17:45:00,229.6617,229.6617,227.1487,228.9565,67540
2025-04-23 17:30:00,231.0523,231.2311,229.2445,229.9001,53644
2025-04-23 17:15:00,231.3391,231.4397,230.9629,231.1219,41111
2025-04-23 17:00:00,231.7377,232.3337,230.9431,231.3404,62353
2025-04-23 16:45:00,229.7437,246.3282,228.7584,231.7377,177058
2025-04-23 16:30:00,233.1780,243.8362,229.0061,229.4531,251042
2025-04-23 16:15:00,239.9523,243.8362,232.0953,232.6714,364699
2025-04-23 16:00:00,243.5680,259.2522,236.4360,239.9523,2397023
2025-04-23 15:45:00,242.6889,244.6308,242.4555,243.5680,822865
2025-04-23 15:30:00,242.4853,243.0713,242.1674,242.6839,307798
2025-04-23 15:15:00,243.0068,243.1408,242.2071,242.4174,262828
2025-04-23 15:00:00,243.6077,243.9653,242.7435,243.0415,240677
2025-04-23 14:45:00,242.7733,244.0693,242.6045,243.6194,286517
2025-04-23 14:30:00,242.4952,243.0887,242.4455,242.7637,188179
2025-04-23 14:15:00,243.1309,243.5183,242.3189,242.3909,146176
2025-04-23 14:00:00,242.8429,243.6176,242.4356,243.1110,137019
2025-04-23 13:45:00,242.6790,243.4587,242.2568,242.9323,188022
2025-04-23 13:30:00,243.5531,243.6574,242.2965,242.6442,98735
2025-04-23 13:15:00,243.8660,244.0347,243.3594,243.3792,71350
2025-04-23 13:00:00,243.9554,244.0646,243.1210,243.8660,119917
2025-04-23 12:45:00,243.4786,243.9637,242.7733,243.9637,49583
2025-04-23 12:30:00,243.0266,244.0646,242.8429,243.4686,123953
2025-04-23 12:15:00,242.9074,243.1309,242.0283,243.0515,203052
2025-04-23 12:00:00,243.7269,243.7269,242.6641,243.0018,116446
2025-04-23 11:45:00,243.7815,243.9951,242.4058,243.5878,203113
2025-04-23 11:30:00,244.0944,244.5712,243.5978,243.7964,164835
2025-04-23 11:15:00,245.8327,245.8625,243.6971,244.0944,211480
2025-04-23 11:00:00,245.5645,246.1506,244.5513,245.7681,282440
2025-04-23 10:45:00,246.2648,246.4386,245.3162,245.5049,153123
2025-04-23 10:30:00,245.6390,247.1439,245.5049,246.2201,173817
2025-04-23 10:15:00,245.9569,245.9569,244.0150,245.5446,222137
2025-04-23 10:00:00,246.7366,247.6703,245.8029,245.9916,218806
2025-04-23 09:45:00,245.8128,247.2035,245.6936,246.6273,111741
2025-04-23 09:30:00,244.3527,247.3028,244.3527,246.0910,559779
2025-04-23 09:15:00,244.3328,245.2444,244.0547,244.0547,3109
2025-04-23 09:00:00,244.7500,245.2864,244.0249,244.1540,3041
2025-04-23 08:45:00,244.7003,245.2864,237.1016,244.8990,883
2025-04-23 08:30:00,244.3328,245.0232,224.2681,244.7003,1305
2025-04-23 08:15:00,244.3527,244.7500,243.9256,244.3328,722
2025-04-23 08:00:00,244.6209,245.8414,239.2868,243.8560,2859
2025-04-23 07:45:00,244.5911,244.6109,243.9454,243.9454,596
2025-04-23 07:30:00,243.9752,244.6109,243.6673,244.1540,80
2025-04-23 07:15:00,244.3229,244.9586,243.6077,243.9752,1804
2025-04-23 07:00:00,243.8064,244.3527,243.4190,244.0448,1898
2025-04-23 06:45:00,244.3527,244.4222,243.7170,243.7170,383
2025-04-23 06:30:00,244.2434,244.3825,243.8560,244.3825,1723
2025-04-23 06:15:00,243.8064,244.2931,243.8064,243.9554,317
2025-04-23 06:00:00,243.8759,243.8759,242.8429,243.8461,121
2025-04-23 05:45:00,243.9156,243.9554,243.3594,243.8660,8
2025-04-23 05:30:00,243.5580,244.2434,242.9819,243.9752,582
2025-04-23 05:15:00,243.7567,244.2434,243.3097,244.2434,524
2025-04-23 05:00:00,242.8627,243.8560,242.8627,243.3594,679
2025-04-23 04:45:00,243.2600,243.2600,242.8627,242.8627,225
2025-04-23 04:30:00,243.0316,243.3395,242.6144,243.1607,119
2025-04-23 04:15:00,242.1773,243.0614,242.0681,243.0614,280
2025-04-23 04:00:00,243.3594,243.4388,241.8694,241.8794,765
2025-04-22 19:45:00,242.1078,242.3661,241.7701,242.1078,158
2025-04-22 19:30:00,241.8893,242.3661,241.3728,241.9886,411
2025-04-22 19:15:00,242.5449,242.5548,241.3728,241.3728,872
2025-04-22 19:00:00,239.2868,242.5401,239.2868,242.3661,551678
2025-04-22 18:45:00,241.9886,242.3661,241.6211,242.1773,89
2025-04-22 18:30:00,239.2868,242.3661,239.2868,241.9688,550933
2025-04-22 18:15:00,242.3660,242.3661,239.2868,241.9985,1414
2025-04-22 18:00:00,241.4721,242.8528,241.4721,242.0482,439
2025-04-22 17:45:00,242.7634,242.8528,241.3728,241.8098,818
2025-04-22 17:30:00,241.5714,242.9472,241.5516,242.5647,623
2025-04-22 17:15:00,239.3862,241.3728,239.3862,241.3728,1845
2025-04-22 17:00:00,239.8132,239.8133,239.1875,239.8033,21
2025-04-22 16:45:00,239.2868,239.8331,239.2868,239.8033,5006
2025-04-22 16:30:00,239.3862,239.8331,239.2868,239.3862,1396
2025-04-22 16:15:00,239.2868,239.8331,238.4723,239.2868,166118
2025-04-22 16:00:00,239.3266,240.2608,236.4063,239.2868,1801464
2025-04-22 15:45:00,239.0981,239.8828,238.9491,239.3365,539160
2025-04-22 15:30:00,238.3333,239.2372,237.9856,239.1003,148443
2025-04-22 15:15:00,238.6710,238.7703,238.0651,238.3730,97696
2025-04-22 15:00:00,238.8994,239.2670,238.5319,238.5717,123242
2025-04-22 14:45:00,238.5990,239.0584,238.5220,238.8918,65626
2025-04-22 14:30:00,238.5319,238.8796,238.1247,238.5915,129320
2025-04-22 14:15:00,238.3432,238.7107,238.0750,238.5617,94143
2025-04-22 14:00:00,237.3300,238.4185,237.2108,238.3035,98771
2025-04-22 13:45:00,237.5982,237.6181,237.0022,237.4045,51746
2025-04-22 13:30:00,237.3201,238.0154,236.8433,237.6826,94719
2025-04-22 13:15:00,239.2272,239.2769,237.1363,237.3300,121149
2025-04-22 13:00:00,240.2901,240.5781,238.9888,239.1428,108901
2025-04-22 12:45:00,240.5483,240.6377,240.0517,240.3050,54714
2025-04-22 12:30:00,240.6278,240.7768,240.0914,240.5280,64786
2025-04-22 12:15:00,240.3894,241.0152,240.0616,240.7073,96957
2025-04-22 12:00:00,239.9672,240.6973,239.5327,240.3894,135252
2025-04-22 11:45:00,238.9392,240.0318,238.9094,239.9250,140178
2025-04-22 11:30:00,239.1875,239.4756,238.8696,238.9839,71510
2025-04-22 11:15:00,239.8431,239.9424,239.1279,239.1577,76249
2025-04-22 11:00:00,240.0864,240.3397,239.7809,239.9027,85618
2025-04-22 10:45:00,239.7040,240.4887,239.3067,240.0864,120238
2025-04-22 10:30:00,240.2901,240.3050,239.3486,239.7586,111182
2025-04-22 10:15:00,239.9623,240.5285,239.6146,240.3050,169966
2025-04-22 10:00:00,239.3099,240.0715,239.2372,240.0417,166056
2025-04-22 09:45:00,237.6081,239.3862,237.5783,239.2372,170717
2025-04-22 09:30:00,236.9029,237.7969,236.4261,237.6975,207956
2025-04-22 09:15:00,236.5950,236.9029,236.0189,236.4460,1297
2025-04-22 09:00:00,236.9327,237.2605,235.7109,236.5950,1023
2025-04-22 08:45:00,236.0487,236.9526,235.8301,236.9526,950
2025-04-22 08:30:00,235.8997,235.9096,235.8103,235.9096,691
2025-04-22 08:15:00,236.0387,236.1083,235.7109,235.8997,1652
2025-04-22 08:00:00,236.1778,238.3631,234.4196,236.1778,1215
2025-04-22 07:45:00,236.1579,236.4261,235.8301,236.4261,38
2025-04-22 07:30:00,236.1877,236.4063,235.5818,236.1579,269
2025-04-22 07:15:00,235.8997,236.4658,235.6513,236.1579,235
2025-04-22 07:00:00,236.1083,236.2771,235.7407,235.8997,45
2025-04-22 06:45:00,236.1977,236.1977,236.1778,236.1778,3
2025-04-22 06:00:00,236.1977,236.2076,236.1083,236.1977,29
2025-04-22 05:45:00,236.2871,236.3169,236.1877,236.1977,55
2025-04-22 05:00:00,235.9295,235.9295,235.9295,235.9295,1
2025-04-22 04:45:00,236.7738,236.7738,235.8798,236.0785,65
2025-04-22 04:30:00,236.6049,236.6049,236.6049,236.6049,2
2025-04-22 04:15:00,235.7209,235.7209,235.7209,235.7209,5
2025-04-22 04:00:00,237.0320,237.2009,235.9493,236.8036,145
2025-04-21 19:45:00,235.1746,235.4129,234.4892,234.4991,255
2025-04-21 19:30:00,235.3136,235.3136,235.2640,235.2640,223
2025-04-21 19:15:00,234.9163,235.3136,234.9163,235.2640,249
2025-04-21 19:00:00,234.6382,235.4030,234.6382,234.9064,596330
2025-04-21 18:45:00,234.9163,234.9163,234.6382,234.6382,63
2025-04-21 18:30:00,234.6382,234.9163,234.5246,234.9163,596295
2025-04-21 18:15:00,234.4991,234.9163,234.4991,234.9064,62
2025-04-21 18:00:00,234.9064,234.9163,234.2210,234.6382,1525
2025-04-21 17:45:00,234.9163,234.9163,234.2431,234.9064,344
2025-04-21 17:30:00,234.3948,234.9163,234.3948,234.9163,105
2025-04-21 17:15:00,234.6183,234.9163,234.6183,234.9163,12
2025-04-21 17:00:00,234.9163,234.9163,234.9163,234.9163,1
2025-04-21 16:45:00,234.6382,234.6382,234.2210,234.5190,56
2025-04-21 16:30:00,235.3633,236.4062,232.4330,234.6382,845
2025-04-21 16:15:00,234.6382,235.3732,234.6382,235.1150,2190
2025-04-21 16:00:00,234.6779,240.1609,233.4959,234.6481,1925789
2025-04-21 15:45:00,234.3302,235.4328,234.2011,234.6779,763568
2025-04-21 15:30:00,233.3667,234.5984,233.3369,234.2855,249836
2025-04-21 15:15:00,233.2277,233.5257,233.0489,233.3369,228101
2025-04-21 15:00:00,232.3933,233.3469,232.3933,233.2575,141511
2025-04-21 14:45:00,232.3366,232.5423,232.2244,232.4032,103782
2025-04-21 14:30:00,232.6367,233.0985,232.2542,232.3734,327688
2025-04-21 14:15:00,231.6980,232.6615,231.6980,232.6168,120856
2025-04-21 14:00:00,231.7775,231.8768,231.3702,231.6980,129997
2025-04-21 13:45:00,231.8718,231.9761,231.5340,231.8470,85947
2025-04-21 13:30:00,232.3486,232.7112,231.5391,231.8470,137393
2025-04-21 13:15:00,232.2195,232.7409,232.1102,232.3486,106325
2025-04-21 13:00:00,232.9694,233.2854,232.1549,232.2443,131072
2025-04-21 12:45:00,233.4859,233.5952,232.7608,232.9809,129660
2025-04-21 12:30:00,233.1979,233.7442,233.1979,233.4859,44653
2025-04-21 12:15:00,232.9446,233.6945,232.8105,233.1581,102906
2025-04-21 12:00:00,232.3536,233.0687,232.2840,232.9951,79676
2025-04-21 11:45:00,233.2873,233.2873,231.9265,232.2840,118000
2025-04-21 11:30:00,234.3799,234.4494,233.1581,233.2773,155119
2025-04-21 11:15:00,234.8915,235.3633,234.1217,234.3898,140831
2025-04-21 11:00:00,235.4179,235.8003,234.8666,234.8666,133867
2025-04-21 10:45:00,235.8450,236.1679,235.2838,235.4129,81906
2025-04-21 10:30:00,236.1897,236.7638,235.7954,235.8599,80812
2025-04-21 10:15:00,237.3102,237.4592,236.0587,236.2473,92879
2025-04-21 10:00:00,237.7969,237.8664,236.9526,237.2257,152948
2025-04-21 09:45:00,237.7083,238.2335,237.2009,237.9906,91028
2025-04-21 09:30:00,236.4708,239.1925,236.4708,238.0154,363957
2025-04-21 09:15:00,234.9858,237.3996,234.4196,237.3996,2606
2025-04-21 09:00:00,235.1845,235.3136,233.5753,235.2143,555
2025-04-21 08:45:00,235.1547,235.4129,233.5753,235.3633,42
2025-04-21 08:30:00,235.5123,235.6513,233.4263,235.1050,362
2025-04-21 08:15:00,235.2937,235.4129,233.4263,235.1547,447
2025-04-21 08:00:00,235.7805,237.2108,233.4263,235.3235,669
2025-04-21 07:45:00,235.4129,235.8003,234.9163,234.9163,208
2025-04-21 07:30:00,235.8103,235.8103,235.0554,235.1348,139
2025-04-21 07:15:00,235.9394,236.1579,235.4129,235.7010,636
2025-04-21 07:00:00,236.3963,236.3963,235.9493,236.3367,189
2025-04-21 06:45:00,235.9593,236.3367,235.9394,236.3367,73
2025-04-21 06:30:00,236.1083,236.8135,235.9394,236.3367,30
2025-04-21 06:15:00,236.1083,236.1083,236.1083,236.1083,4
2025-04-21 06:00:00,236.1182,236.1182,236.1182,236.1182,5
2025-04-21 05:45:00,236.0089,236.0089,235.9990,235.9990,6
2025-04-21 05:30:00,235.9394,235.9394,235.9394,235.9394,2
2025-04-21 05:15:00,236.1381,236.3963,235.9096,236.3963,283
2025-04-21 05:00:00,236.1281,236.8234,236.1281,236.8234,23
2025-04-21 04:45:00,236.1281,236.1281,236.1281,236.1281,26
2025-04-21 04:30:00,235.6315,235.6315,235.5520,235.5520,13
2025-04-21 04:15:00,236.2076,236.6248,236.2076,236.6248,30
2025-04-21 04:00:00,237.2108,237.2108,235.4626,235.4626,137
2025-04-17 19:45:00,237.4194,237.4194,237.2108,237.2307,244
2025-04-17 19:30:00,237.3996,237.3996,237.3996,237.3996,2
2025-04-17 19:00:00,237.2108,238.1843,234.7074,237.2108,505219
2025-04-17 18:45:00,238.0952,238.1843,238.0952,238.1843,102
2025-04-17 18:30:00,237.2108,238.1843,237.2108,238.1843,497854
2025-04-17 18:15:00,238.1843,238.1843,238.1843,238.1843,10
2025-04-17 18:00:00,238.6908,238.6908,237.9757,238.1843,418
2025-04-17 17:30:00,237.2108,237.4592,237.2108,237.4592,5
2025-04-17 17:15:00,238.6908,238.6908,237.2108,237.2108,482
2025-04-17 17:00:00,237.8763,238.6908,237.2208,238.2935,541
2025-04-17 16:45:00,237.2307,238.2975,237.2208,238.2975,202
2025-04-17 16:30:00,237.2108,237.6975,237.2108,237.6975,161
2025-04-17 16:15:00,237.2108,238.5121,237.2108,238.0055,19273
2025-04-17 16:00:00,237.2208,240.3795,237.2108,237.3698,1754849
2025-04-17 15:45:00,237.8763,237.8912,236.7440,237.3201,624034
2025-04-17 15:30:00,237.5138,238.3730,237.5138,237.7571,178192
2025-04-17 15:15:00,237.9310,238.0651,237.3499,237.5883,111820
2025-04-17 15:00:00,238.7306,238.7802,237.8167,237.9856,165273
2025-04-17 14:45:00,239.2670,239.5856,238.6511,238.7206,147971
2025-04-17 14:30:00,239.4656,239.6270,238.9888,239.2670,126172
2025-04-17 14:15:00,239.3365,240.1560,239.3365,239.4656,148498
2025-04-17 14:00:00,239.2272,240.0914,238.6710,239.3266,171929
2025-04-17 13:45:00,238.1793,239.3067,238.1793,239.2570,82264
2025-04-17 13:30:00,237.7273,238.6164,237.7273,238.2041,90599
2025-04-17 13:15:00,238.6412,238.8001,237.7224,237.7273,128828
2025-04-17 13:00:00,239.8480,240.0020,238.4823,238.4823,104726
2025-04-17 12:45:00,239.3464,240.1510,239.1875,239.8480,94879
2025-04-17 12:30:00,239.3266,239.8530,239.1180,239.2372,96559
2025-04-17 12:15:00,238.4624,239.4557,238.3233,239.3514,97954
2025-04-17 12:00:00,238.4723,239.1080,237.9459,238.6312,129725
2025-04-17 11:45:00,238.3432,238.9094,238.1545,238.3829,108123
2025-04-17 11:30:00,238.4073,239.1180,238.2041,238.2041,72213
2025-04-17 11:15:00,238.7057,239.2670,238.1743,238.4326,147294
2025-04-17 11:00:00,237.3400,238.8299,237.3400,238.6958,102880
2025-04-17 10:45:00,237.2704,237.4492,236.9476,237.3227,83008
2025-04-17 10:30:00,237.5634,237.7671,236.4559,237.1661,81560
2025-04-17 10:15:00,238.0353,238.2836,237.2903,237.5585,114516
2025-04-17 10:00:00,239.1378,239.1849,237.9957,238.1793,145538
2025-04-17 09:45:00,237.5883,239.1378,236.8830,238.9938,115900
2025-04-17 09:30:00,238.0750,238.1147,235.8103,237.4790,361111
2025-04-17 09:15:00,237.7472,238.6412,236.9724,238.5319,1978
2025-04-17 09:00:00,238.3233,238.3233,237.3598,238.2141,1541
2025-04-17 08:45:00,238.7306,239.3862,238.2339,239.3365,973
2025-04-17 08:30:00,238.1942,239.3762,238.1942,238.2339,1575
2025-04-17 08:15:00,238.4723,238.5319,238.1942,238.1942,283
2025-04-17 08:00:00,237.6975,241.5714,236.9724,238.2935,3562
2025-04-17 07:45:00,238.1147,238.7306,238.0353,238.4922,182
2025-04-17 07:30:00,238.5816,238.7306,237.7969,238.2439,156
2025-04-17 07:15:00,238.0055,238.5915,237.4095,238.5021,362
2025-04-17 07:00:00,237.5088,239.8530,237.4095,237.4194,1723
2025-04-17 06:45:00,237.8167,237.8565,237.4095,237.5982,225
2025-04-17 06:30:00,238.1843,238.7703,237.2208,237.9161,460
2025-04-17 06:15:00,238.1942,238.3134,237.9359,238.1843,217
2025-04-17 06:00:00,238.8200,239.6643,237.5088,238.2935,1262
2025-04-17 05:45:00,238.8696,238.9590,238.8597,238.9590,53
2025-04-17 05:30:00,238.9888,238.9888,238.9888,238.9888,5
2025-04-17 05:15:00,238.5419,239.5749,238.4127,238.4127,46
2025-04-17 05:00:00,238.6213,238.6213,238.1147,238.6213,8
2025-04-17 04:45:00,238.6412,238.6412,238.6015,238.6015,13
2025-04-17 04:30:00,238.8895,238.8895,238.8895,238.8895,1
2025-04-17 04:15:00,238.3432,239.1180,238.3432,238.9292,9
2025-04-17 04:00:00,237.4492,239.0484,237.4492,237.9161,202
2025-04-16 19:45:00,240.1808,240.1808,234.9163,234.9163,46
2025-04-16 19:30:00,236.3169,237.4521,234.9511,234.9511,36
2025-04-16 19:15:00,236.4062,236.4857,236.4062,236.4857,28
2025-04-16 19:00:00,236.9724,240.1709,236.9724,237.0022,615391
2025-04-16 18:45:00,237.3896,237.3996,237.0122,237.3996,23
2025-04-16 18:30:00,236.9724,237.3996,236.9724,237.3996,615468
2025-04-16 18:15:00,236.9725,237.3896,236.9725,237.3896,11
2025-04-16 18:00:00,237.3996,237.3996,237.3896,237.3896,101
2025-04-16 17:45:00,236.4559,236.4559,236.4559,236.4559,22
2025-04-16 17:30:00,236.4062,237.1512,236.4062,237.1512,281
2025-04-16 17:15:00,235.4825,237.8962,234.8170,236.4162,43
2025-04-16 17:00:00,236.4062,237.8962,235.4825,235.4825,22
2025-04-16 16:45:00,237.4492,237.8359,235.8500,235.8500,94
2025-04-16 16:30:00,236.9724,237.8962,236.9724,237.3996,131733
2025-04-16 16:15:00,236.9724,237.6578,236.4062,236.9724,8572
2025-04-16 16:00:00,237.0718,237.0718,234.8170,237.0022,1962304
2025-04-16 15:45:00,235.8103,237.5883,235.7109,237.0718,640664
2025-04-16 15:30:00,234.8964,236.0586,234.8964,235.8500,253402
2025-04-16 15:15:00,235.4825,235.5123,234.3104,234.8269,187543
2025-04-16 15:00:00,235.6364,235.8649,234.8865,235.4924,153507
2025-04-16 14:45:00,236.1778,236.4162,235.5719,235.6364,116297
2025-04-16 14:30:00,237.4939,237.5982,236.0685,236.1679,188625
2025-04-16 14:15:00,237.4790,237.6181,236.5254,237.5982,95892
2025-04-16 14:00:00,236.8284,237.6578,236.8216,237.3996,130642
2025-04-16 13:45:00,238.1048,238.1048,236.6446,236.8284,152921
2025-04-16 13:30:00,240.1907,240.2106,237.7969,238.1048,224829
2025-04-16 13:15:00,239.5352,240.2404,239.5352,240.1262,103038
2025-04-16 13:00:00,239.6742,239.8927,239.2248,239.5153,112122
2025-04-16 12:45:00,240.0864,240.0942,239.5962,239.7437,81948
2025-04-16 12:30:00,240.0219,240.4589,239.5749,240.0417,82572
2025-04-16 12:15:00,239.8232,240.0616,239.5928,240.0318,79970
2025-04-16 12:00:00,240.1113,240.2404,239.5550,239.8133,100624
2025-04-16 11:45:00,240.9605,240.9854,240.1311,240.2106,68700
2025-04-16 11:30:00,241.4721,241.5814,240.8860,240.9258,84170
2025-04-16 11:15:00,240.8960,241.6707,239.9821,241.5218,105781
2025-04-16 11:00:00,240.7569,241.2888,240.4987,240.9258,163833
2025-04-16 10:45:00,240.3993,240.7321,239.9126,240.6377,91044
2025-04-16 10:30:00,240.3745,240.7470,239.9523,240.4689,96816
2025-04-16 10:15:00,239.3961,240.8463,239.0882,240.3000,143270
2025-04-16 10:00:00,239.3266,240.9158,239.3266,239.4259,138396
2025-04-16 09:45:00,240.4689,240.5384,239.0882,239.3886,173548
2025-04-16 09:30:00,238.6710,240.5781,238.4922,240.3795,222472
2025-04-16 09:15:00,238.2935,239.0882,238.0155,238.8498,1470
2025-04-16 09:00:00,238.7703,239.0882,238.3730,238.3730,1461
2025-04-16 08:45:00,238.9193,239.0385,238.3929,238.4227,601
2025-04-16 08:30:00,239.0683,239.0981,238.5915,238.6114,332
2025-04-16 08:15:00,238.6114,239.0981,238.6114,238.6213,43
2025-04-16 08:00:00,238.5915,239.0882,228.1432,238.6114,594
2025-04-16 07:45:00,238.5915,238.7902,238.5915,238.6213,14
2025-04-16 07:30:00,238.4425,238.5915,238.4425,238.5915,76
2025-04-16 07:00:00,238.6412,238.6809,238.3333,238.3333,20
2025-04-16 06:45:00,238.7206,238.7206,238.3929,238.4127,112
2025-04-16 06:30:00,238.7604,238.7604,238.7206,238.7206,5
2025-04-16 06:15:00,238.4922,238.7902,238.4922,238.7902,63
2025-04-16 06:00:00,238.5419,239.2471,238.4922,238.4922,39
2025-04-16 05:45:00,238.5419,238.5419,238.5419,238.5419,21
2025-04-16 05:30:00,238.5617,239.3862,238.5617,239.0683,86
2025-04-16 05:15:00,239.0981,239.0981,238.5915,238.5915,12
2025-04-16 05:00:00,238.9888,239.1577,238.9888,238.9988,9
2025-04-16 04:45:00,239.2471,239.3663,239.2471,239.3663,9
2025-04-16 04:30:00,238.7902,240.4093,238.7902,240.4093,189
2025-04-16 04:15:00,236.6446,238.3929,236.6446,237.7273,259
2025-04-16 04:00:00,237.9260,237.9657,235.8003,237.3996,18
2025-04-15 19:45:00,236.7738,237.4393,236.7738,237.4095,52
2025-04-15 19:30:00,238.2637,238.2836,236.9682,238.2637,172
2025-04-15 19:15:00,237.9459,237.9459,236.7738,236.7738,136
2025-04-15 19:00:00,239.0882,239.0882,236.7738,236.7738,411455
2025-04-15 18:45:00,238.2824,238.2824,236.7738,238.2737,5
2025-04-15 18:30:00,239.0882,239.0882,237.8962,238.2836,411653
2025-04-15 18:15:00,238.3730,238.3730,237.3996,237.8962,260
2025-04-15 18:00:00,238.7604,238.7604,236.7738,236.7738,558
2025-04-15 17:45:00,240.3795,240.3795,238.7604,238.7604,112
2025-04-15 17:30:00,239.2173,239.2173,239.2173,239.2173,3
2025-04-15 17:15:00,239.3067,239.8232,238.5915,239.8232,120
2025-04-15 17:00:00,239.3564,239.3564,239.0882,239.2173,30913
2025-04-15 16:45:00,239.0882,239.0882,238.6081,238.6081,187
2025-04-15 16:15:00,239.0882,239.2868,238.9888,239.0882,68668
2025-04-15 16:00:00,239.1080,239.3464,238.3929,239.0882,1530407
2025-04-15 15:45:00,239.6196,239.9126,239.0137,239.2570,403438
2025-04-15 15:30:00,239.5054,239.7140,239.3167,239.6731,161763
2025-04-15 15:15:00,239.2868,239.8033,239.0981,239.4358,141329
2025-04-15 15:00:00,239.0385,239.3862,238.8018,239.3365,157300
2025-04-15 14:45:00,239.2570,239.5898,238.7902,239.0782,78194
2025-04-15 14:30:00,238.4078,239.2123,238.4078,239.2123,58367
2025-04-15 14:15:00,238.4028,238.6908,238.0154,238.3929,148045
2025-04-15 14:00:00,238.9491,239.1974,238.0452,238.4525,194063
2025-04-15 13:45:00,238.7405,239.0579,238.1157,239.0137,69909
2025-04-15 13:30:00,237.9856,238.8597,237.9856,238.7405,54554
2025-04-15 13:15:00,238.2786,238.3531,237.7770,237.8924,93735
2025-04-15 13:00:00,238.0551,238.5021,237.9061,238.2737,61931
2025-04-15 12:45:00,237.9657,238.2836,237.6446,238.1545,65577
2025-04-15 12:30:00,238.1992,238.3035,237.7076,237.8962,46949
2025-04-15 12:15:00,237.7919,238.4127,237.5585,238.1388,40292
2025-04-15 12:00:00,237.7025,238.1843,237.6280,237.8167,47126
2025-04-15 11:45:00,237.6181,237.8565,237.1612,237.6677,68901
2025-04-15 11:30:00,237.6578,238.3939,237.4691,237.6181,51335
2025-04-15 11:15:00,238.4968,238.8299,237.5445,237.5883,61114
2025-04-15 11:00:00,238.7008,239.2392,238.3432,238.5609,55220
2025-04-15 10:45:00,238.6263,239.0683,237.4095,238.7107,97613
2025-04-15 10:30:00,237.9111,238.7474,237.7273,238.6064,54368
2025-04-15 10:15:00,238.9392,239.0484,237.5982,237.9086,96204
2025-04-15 10:00:00,238.5518,239.5252,238.1644,238.9386,65030
2025-04-15 09:45:00,238.5419,238.7902,238.1147,238.5568,68140
2025-04-15 09:30:00,237.9459,238.6710,236.6744,238.4028,111699
2025-04-15 09:15:00,238.0238,238.1942,237.4890,238.1942,785
2025-04-15 09:00:00,238.0452,238.0551,237.9657,238.0055,96
2025-04-15 08:45:00,236.7638,238.1346,236.7241,238.1346,321
2025-04-15 08:30:00,236.6248,237.3996,236.6248,236.7340,193
2025-04-15 08:15:00,236.8036,237.5485,236.4062,237.5485,145
2025-04-15 08:00:00,237.6702,240.2491,236.8036,236.8334,211
2025-04-15 07:45:00,237.8962,237.9061,236.8234,237.0320,275
2025-04-15 07:30:00,238.3929,238.3929,237.9061,238.3134,108
2025-04-15 07:15:00,238.3929,238.3929,237.9558,238.3929,18
2025-04-15 07:00:00,237.9359,238.7206,237.9061,237.9061,22
2025-04-15 06:45:00,238.4326,238.4326,237.9359,237.9359,2
2025-04-15 06:30:00,238.8299,238.8299,238.2538,238.2836,10
2025-04-15 06:15:00,238.2836,238.3829,238.2836,238.3829,11
2025-04-15 06:00:00,237.8962,237.8962,237.8962,237.8962,1
2025-04-15 05:30:00,238.6511,238.6511,237.8962,237.8962,17
2025-04-15 05:00:00,238.3929,238.3929,237.9558,237.9558,19
2025-04-15 04:30:00,237.9459,237.9459,237.9260,237.9260,7
2025-04-15 04:15:00,237.8962,238.3929,237.8962,237.9260,17
2025-04-15 04:00:00,238.1644,239.2372,238.1644,239.2372,36
2025-04-14 19:45:00,236.7936,236.7936,236.4261,236.7241,32
2025-04-14 19:30:00,237.3797,237.3797,236.8036,236.8036,27
2025-04-14 19:00:00,237.4592,237.4592,236.4261,236.6248,517830
2025-04-14 18:30:00,237.4592,237.4592,237.3499,237.3797,517769
2025-04-14 18:15:00,236.4261,237.3996,236.4261,237.3499,47
2025-04-14 18:00:00,236.4261,236.4261,236.4261,236.4261,5
2025-04-14 17:45:00,237.3598,237.3598,236.4162,236.4162,33
2025-04-14 17:30:00,237.1512,237.4592,236.4062,237.3499,51
2025-04-14 17:15:00,237.1512,237.1512,237.1512,237.1512,5
2025-04-14 17:00:00,237.3499,237.3499,236.4062,236.4062,506
2025-04-14 16:45:00,237.3583,237.4592,237.0817,237.4592,682
2025-04-14 16:30:00,237.4592,237.4592,237.3996,237.3996,115673
2025-04-14 16:15:00,237.4592,238.8895,236.4559,237.2108,1426
2025-04-14 16:00:00,237.7571,238.4823,228.3853,237.4890,1707913
2025-04-14 15:45:00,238.7157,238.7604,237.3002,237.6379,438643
2025-04-14 15:30:00,238.5121,238.8349,238.2240,238.7405,109587
2025-04-14 15:15:00,238.7405,238.7979,238.0154,238.5667,128104
2025-04-14 15:00:00,238.2886,238.9292,238.2886,238.7235,60140
2025-04-14 14:45:00,238.3035,238.4815,237.9955,238.2439,65018
2025-04-14 14:30:00,237.8366,238.5208,237.6578,238.4525,84244
2025-04-14 14:15:00,236.9377,238.0253,236.7765,237.8366,66334
2025-04-14 14:00:00,237.0943,237.3002,236.8522,236.9426,54890
2025-04-14 13:45:00,236.5403,237.2059,236.2055,236.9774,77957
2025-04-14 13:30:00,236.5304,237.0463,236.2871,236.5403,44797
2025-04-14 13:15:00,235.7606,236.8085,235.5520,236.5006,57150
2025-04-14 13:00:00,235.2937,236.9724,235.1449,235.7606,120623
2025-04-14 12:45:00,236.1872,236.2970,235.2937,235.3235,46978
2025-04-14 12:30:00,235.7904,236.5254,235.5818,236.1281,57877
2025-04-14 12:15:00,235.6911,236.4460,235.4626,235.8550,46984
2025-04-14 12:00:00,235.8599,236.2374,235.1448,235.6315,59492
2025-04-14 11:45:00,237.1711,237.1711,235.8500,235.8798,52467
2025-04-14 11:30:00,237.4045,238.0353,236.6508,237.2406,92559
2025-04-14 11:15:00,238.3829,238.8994,237.2903,237.5088,76158
2025-04-14 11:00:00,239.4756,239.9424,238.4823,238.5369,91995
2025-04-14 10:45:00,239.4036,240.1510,239.0186,239.4309,142396
2025-04-14 10:30:00,239.3266,239.8828,239.1080,239.3365,60775
2025-04-14 10:15:00,239.0037,239.2868,238.0949,239.2868,49152
2025-04-14 10:00:00,238.3929,239.6345,238.0055,238.8398,120759
2025-04-14 09:45:00,237.1959,238.3929,236.1723,238.3333,98966
2025-04-14 09:30:00,238.1644,238.4841,235.8103,237.0022,214754
2025-04-14 09:15:00,236.8433,238.2737,236.4062,238.2737,1400
2025-04-14 09:00:00,235.7109,236.9029,235.7109,236.4360,925
2025-04-14 08:45:00,236.3069,236.9029,236.3069,236.4062,592
2025-04-14 08:30:00,235.5123,236.9029,235.4924,235.8699,1361
2025-04-14 08:15:00,236.7678,236.7678,235.4129,235.9990,634
2025-04-14 08:00:00,235.9096,238.1445,233.9031,236.9029,2515
2025-04-14 07:45:00,236.7042,236.8433,235.4129,236.3169,1251
2025-04-14 07:30:00,236.6844,236.7142,236.4062,236.4261,64
2025-04-14 07:15:00,236.4062,236.7837,236.1182,236.7142,80
2025-04-14 07:00:00,236.7539,236.8433,235.8500,236.2771,428
2025-04-14 06:45:00,236.4062,236.4062,235.9791,235.9791,26
2025-04-14 06:30:00,236.1182,236.1182,236.1182,236.1182,6
2025-04-14 06:15:00,236.1182,236.1182,236.1182,236.1182,11
2025-04-14 06:00:00,235.9394,235.9394,235.9394,235.9394,1
2025-04-14 05:45:00,235.7209,236.2175,235.7209,235.7705,28
2025-04-14 05:30:00,235.7209,235.7209,235.7209,235.7209,1
2025-04-14 05:15:00,236.5552,236.8532,235.9593,235.9593,261
2025-04-14 05:00:00,237.1910,237.1910,236.4658,236.4658,29
2025-04-14 04:30:00,237.4989,237.4989,236.7340,236.7340,25
2025-04-14 04:15:00,237.2903,237.3201,236.5155,237.0320,56
2025-04-14 04:00:00,236.7440,237.8366,235.1944,237.2903,226
2025-04-11 19:45:00,233.4363,234.3998,233.4363,234.3998,74
2025-04-11 19:15:00,234.4097,234.4097,233.4363,233.4363,22
2025-04-11 19:00:00,233.9031,234.3998,233.4363,234.3854,635840
2025-04-11 18:45:00,234.4097,234.4097,233.9230,233.9230,139
2025-04-11 18:30:00,233.9031,234.4196,233.9031,234.4196,635797
2025-04-11 18:15:00,234.4194,234.4194,233.6349,233.6349,838
2025-04-11 18:00:00,233.9230,234.4097,232.6317,232.6317,20
2025-04-11 17:45:00,233.5257,233.5257,233.5257,233.5257,1
2025-04-11 17:30:00,234.4196,234.4196,234.4097,234.4097,51
2025-04-11 17:15:00,235.4129,237.3996,233.4363,234.4395,104
2025-04-11 17:00:00,232.6317,238.2737,232.6317,233.4561,912
2025-04-11 16:45:00,233.4321,238.2737,233.4321,235.1944,64
2025-04-11 16:30:00,232.6317,235.4129,232.6317,235.4129,180607
2025-04-11 16:15:00,233.9031,235.6183,233.9031,235.2937,343
2025-04-11 16:00:00,233.8932,235.3931,232.1350,233.9031,2153475
2025-04-11 15:45:00,234.7574,235.2639,233.7541,233.8336,538026
2025-04-11 15:30:00,234.6496,234.8666,234.0621,234.6878,126547
2025-04-11 15:15:00,234.8021,235.1845,233.8704,234.7176,93892
2025-04-11 15:00:00,233.9727,234.8964,233.9627,234.8070,99516
2025-04-11 14:45:00,234.4494,234.9134,233.7162,233.8336,87500
2025-04-11 14:30:00,234.5090,234.7623,234.0521,234.5711,67554
2025-04-11 14:15:00,234.4991,234.6282,233.6647,234.5339,72075
2025-04-11 14:00:00,235.2838,235.2838,234.2309,234.4494,85623
2025-04-11 13:45:00,234.7325,235.9891,234.2905,235.1646,266765
2025-04-11 13:30:00,232.4032,234.9858,231.8967,234.7772,74466
2025-04-11 13:15:00,232.8900,233.4859,232.0158,232.2344,76587
2025-04-11 13:00:00,233.5952,233.8787,232.7310,233.0290,74320
2025-04-11 12:45:00,233.5952,233.9031,233.1383,233.5083,84896
2025-04-11 12:30:00,231.9314,233.8932,231.9016,233.6548,85090
2025-04-11 12:15:00,232.0655,232.4195,231.3752,231.9066,61301
2025-04-11 12:00:00,231.7924,232.6500,231.4497,232.0357,106552
2025-04-11 11:45:00,230.9629,232.0244,230.8140,231.7328,84941
2025-04-11 11:30:00,229.8653,231.3603,229.6468,230.8240,127280
2025-04-11 11:15:00,228.6039,229.9299,228.3108,229.8653,103008
2025-04-11 11:00:00,228.5890,230.7246,228.1817,228.5890,133908
2025-04-11 10:45:00,229.6866,230.3223,228.7230,228.7230,100306
2025-04-11 10:30:00,227.7446,229.8114,227.7446,229.6667,124216
2025-04-11 10:15:00,230.2676,230.4464,227.2679,227.4963,103562
2025-04-11 10:00:00,229.5028,230.9133,228.5194,230.1261,107058
2025-04-11 09:45:00,228.9664,231.3205,228.6486,229.8504,111287
2025-04-11 09:30:00,228.1817,229.3737,225.9865,229.0061,253939
2025-04-11 09:15:00,226.9699,227.7347,226.6719,227.4665,1685
2025-04-11 09:00:00,228.4002,228.6585,226.8705,226.9699,531
2025-04-11 08:45:00,228.9565,228.9565,228.1221,228.1618,366
2025-04-11 08:30:00,228.8671,228.9565,228.1420,228.2512,637
2025-04-11 08:15:00,228.9565,228.9565,227.8241,228.7081,217
2025-04-11 08:00:00,228.9565,233.6846,226.7712,227.8241,956
2025-04-11 07:45:00,227.9532,228.4300,227.3275,228.4300,263
2025-04-11 07:30:00,227.6155,228.2314,226.9500,227.7744,190
2025-04-11 07:15:00,228.4002,228.4102,226.9301,227.6155,1161
2025-04-11 07:00:00,228.4102,228.7578,228.1320,228.1320,716
2025-04-11 06:45:00,228.8969,228.8969,228.2115,228.7876,35
2025-04-11 06:30:00,228.5393,228.9465,228.5393,228.8571,1262
2025-04-11 06:15:00,228.5592,229.4035,228.2115,228.5393,931
2025-04-11 06:00:00,229.2942,229.2942,228.4499,228.5592,51
2025-04-11 05:45:00,227.8638,229.3935,227.7744,227.7744,326
2025-04-11 05:30:00,227.1785,227.9830,227.1785,227.9830,334
2025-04-11 05:15:00,227.2381,227.2381,226.7712,226.7712,3
2025-04-11 05:00:00,226.4235,226.7116,225.8375,226.7116,255
2025-04-11 04:45:00,226.0362,226.0759,225.7382,225.8673,326
2025-04-11 04:30:00,226.7811,227.3374,226.0560,226.1554,380
2025-04-11 04:15:00,228.3804,228.4400,228.0128,228.0128,155
2025-04-11 04:00:00,229.5227,229.5227,228.0128,228.5691,253
2025-04-10 19:45:00,227.5162,227.5261,226.4831,227.5261,75
2025-04-10 19:30:00,228.0029,228.0128,227.4665,228.0029,2023
2025-04-10 19:15:00,226.4732,226.4732,226.4335,226.4335,28
2025-04-10 19:00:00,228.0128,228.2512,221.6656,227.5261,730741
2025-04-10 18:45:00,228.4499,229.1353,228.0228,228.0228,43
2025-04-10 18:30:00,228.0128,228.4499,228.0128,228.4499,730305
2025-04-10 18:15:00,228.0228,228.8770,228.0228,228.4499,76
2025-04-10 18:00:00,228.2612,228.4400,228.2612,228.4400,2
2025-04-10 17:45:00,226.9699,228.2612,226.9699,228.2612,67
2025-04-10 17:30:00,228.2016,228.2115,227.4665,227.4665,550
2025-04-10 17:15:00,228.0128,228.0128,228.0128,228.0128,110750
2025-04-10 17:00:00,227.9930,228.4002,227.4665,228.4002,85
2025-04-10 16:45:00,228.0029,228.3009,227.4765,228.3009,20
2025-04-10 16:30:00,227.9135,228.0028,216.1230,228.0028,53
2025-04-10 16:15:00,228.0128,228.2214,227.4566,227.4665,2874
2025-04-10 16:00:00,227.5956,229.7015,226.1057,228.4598,2455255
2025-04-10 15:45:00,224.5760,228.3357,224.5263,227.9036,643629
2025-04-10 15:30:00,225.9567,227.4367,224.3724,224.5512,236084
2025-04-10 15:15:00,227.3374,228.8273,225.9170,225.9170,131540
2025-04-10 15:00:00,227.7049,229.3240,226.8109,227.4069,112480
2025-04-10 14:45:00,229.2147,229.2793,226.8358,227.8042,100386
2025-04-10 14:30:00,228.2065,229.3836,227.6254,229.3091,102043
2025-04-10 14:15:00,225.2018,228.5867,225.1968,228.1519,149503
2025-04-10 14:00:00,226.7364,228.6287,225.1919,225.5063,141767
2025-04-10 13:45:00,225.7282,227.3150,225.2018,226.7364,155621
2025-04-10 13:30:00,223.8608,226.0064,223.6969,225.7282,111465
2025-04-10 13:15:00,222.3411,224.0496,221.6656,223.9552,191309
2025-04-10 13:00:00,224.6306,226.4931,221.8643,222.4205,138266
2025-04-10 12:45:00,223.9900,224.9982,222.9172,224.6306,99117
2025-04-10 12:30:00,221.4347,224.3475,221.4074,224.3475,164276
2025-04-10 12:15:00,223.1655,223.3840,220.5333,221.4918,155766
2025-04-10 12:00:00,224.6654,225.4700,223.1655,223.4238,130551
2025-04-10 11:45:00,225.3506,225.9766,224.1936,224.7548,143837
2025-04-10 11:30:00,226.0312,226.5030,225.3210,225.3210,179279
2025-04-10 11:15:00,227.7844,227.9433,225.9368,226.0312,147854
2025-04-10 11:00:00,227.5162,228.9465,227.3970,227.8539,117304
2025-04-10 10:45:00,228.4598,228.7777,227.3989,227.5758,131345
2025-04-10 10:30:00,227.7049,229.1551,227.6801,228.4747,157654
2025-04-10 10:15:00,227.8092,229.1550,227.3299,227.5658,159965
2025-04-10 10:00:00,228.6436,229.0955,227.4566,227.7769,208892
2025-04-10 09:45:00,229.8306,231.0126,228.6188,228.6436,166938
2025-04-10 09:30:00,229.4531,230.8636,228.7379,229.6220,351104
2025-04-10 09:15:00,230.9173,233.6250,229.4531,229.4531,4791
2025-04-10 09:00:00,231.6086,232.5324,230.8438,231.9265,1874
2025-04-10 08:45:00,232.2344,232.6317,230.7544,232.1847,1765
2025-04-10 08:30:00,230.9530,233.2277,230.5640,230.9530,1763
2025-04-10 08:15:00,230.9431,231.2212,230.4464,230.5358,904
2025-04-10 08:00:00,233.1631,233.9230,229.7523,230.9431,1009
2025-04-10 07:45:00,230.5557,230.7146,230.5557,230.7146,5
2025-04-10 07:30:00,230.5855,231.2808,230.2676,230.6749,438
2025-04-10 07:15:00,230.4464,230.4464,230.4464,230.4464,2
2025-04-10 07:00:00,230.2478,230.7246,229.9100,230.2080,379
2025-04-10 06:45:00,230.7444,230.7444,229.6518,230.2875,297
2025-04-10 06:30:00,230.9331,231.4397,230.7444,230.7643,731
2025-04-10 06:15:00,230.2974,231.8768,230.0491,231.2609,1084
2025-04-10 06:00:00,229.7809,230.4365,229.5624,230.4365,301
2025-04-10 05:45:00,229.7511,230.4365,229.7511,230.4166,355
2025-04-10 05:30:00,229.3240,229.9200,229.3240,229.7511,98
2025-04-10 05:15:00,229.4631,230.0193,228.9267,229.3240,533
2025-04-10 05:00:00,229.5525,229.9200,228.8174,228.9763,208
2025-04-10 04:45:00,229.9398,230.4365,229.9001,230.2378,598
2025-04-10 04:30:00,229.4531,230.2378,228.7181,229.5525,434
2025-04-10 04:15:00,230.9431,230.9431,229.9498,229.9696,159
2025-04-10 04:00:00,234.4196,234.4196,229.6021,230.4464,66
2025-04-09 19:45:00,234.6481,236.4062,233.4363,235.3831,1068
2025-04-09 19:30:00,235.4030,235.4129,234.4693,234.6481,560
2025-04-09 19:15:00,234.4296,235.4129,233.4263,234.8567,303
2025-04-09 19:00:00,233.7343,238.2935,228.7578,235.4030,1003332
2025-04-09 18:45:00,234.4196,238.2935,234.4196,235.4030,277
2025-04-09 18:30:00,233.7343,236.8433,233.4263,235.2342,1004156
2025-04-09 18:15:00,234.7474,238.2935,228.7578,233.9230,630
2025-04-09 18:00:00,234.1812,234.8567,228.7578,234.7474,375
2025-04-09 17:45:00,234.8567,234.8567,232.9297,234.2210,719
2025-04-09 17:30:00,234.0521,235.4129,232.9297,234.4196,150
2025-04-09 17:15:00,233.7343,235.4129,233.7343,233.9925,4077
2025-04-09 17:00:00,238.2935,238.2935,232.9297,234.8865,43089
2025-04-09 16:45:00,233.4263,238.2935,233.4263,238.2935,1501
2025-04-09 16:30:00,233.7343,234.3004,232.1350,234.2607,1222
2025-04-09 16:15:00,233.3270,233.7343,228.7578,233.5753,12372
2025-04-09 16:00:00,233.7343,234.3004,230.2776,233.3270,3437456
2025-04-09 15:45:00,232.9446,234.2309,232.3337,233.7343,1037543
2025-04-09 15:30:00,233.5654,234.4195,232.3834,232.9297,286240
2025-04-09 15:15:00,232.3287,234.0223,231.3205,233.6697,265329
2025-04-09 15:00:00,229.6965,232.7807,229.1452,232.3039,183271
2025-04-09 14:45:00,230.6451,231.9761,229.4929,229.5326,212793
2025-04-09 14:30:00,232.1648,233.5753,230.2676,230.2676,227913
2025-04-09 14:15:00,231.5689,232.8900,230.5458,232.0456,181402
2025-04-09 14:00:00,233.4263,234.3798,230.8339,231.5987,201799
2025-04-09 13:45:00,229.7561,233.8582,229.6717,233.1234,208271
2025-04-09 13:30:00,229.1154,234.7176,228.2512,229.7908,303184
2025-04-09 13:15:00,219.5698,233.7243,218.0301,229.3588,445809
2025-04-09 13:00:00,220.9504,223.0761,219.3557,219.4605,243528
2025-04-09 12:45:00,219.6641,221.2832,219.4704,220.9852,91973
2025-04-09 12:30:00,219.5896,220.3743,219.4704,219.6492,77494
2025-04-09 12:15:00,219.8578,220.2353,219.5499,219.6167,71427
2025-04-09 12:00:00,217.6427,220.1061,217.1164,220.0118,85392
2025-04-09 11:45:00,217.4193,219.2171,217.4193,217.7421,108779
2025-04-09 11:30:00,218.8446,219.6445,217.1958,217.3348,102126
2025-04-09 11:15:00,218.1195,219.5201,217.9372,218.8744,148617
2025-04-09 11:00:00,216.7339,218.2785,216.4806,218.0103,197442
2025-04-09 10:45:00,217.9010,218.8744,216.5998,216.7339,132735
2025-04-09 10:30:00,218.5616,219.9770,218.0401,218.0401,143246
2025-04-09 10:15:00,217.5583,218.7652,217.1163,218.5467,134976
2025-04-09 10:00:00,218.6460,219.9273,217.4242,217.4242,177981
2025-04-09 09:45:00,217.9904,219.6492,216.5700,218.6460,174714
2025-04-09 09:30:00,215.6661,220.3942,213.7228,217.6030,330549
2025-04-09 09:15:00,219.4704,219.4704,214.0669,214.1662,2472
2025-04-09 09:00:00,217.0368,219.8181,217.0368,219.5201,2761
2025-04-09 08:45:00,215.5667,217.5335,214.2556,216.5004,6282
2025-04-09 08:30:00,215.0502,216.2819,214.7721,216.1826,209
2025-04-09 08:15:00,214.8093,215.5767,214.7721,215.0701,648
2025-04-09 08:00:00,215.0701,219.6194,213.9576,215.7257,6499
2025-04-09 07:45:00,215.5469,217.0368,215.5469,216.0435,1139
2025-04-09 07:30:00,215.9045,216.5501,215.1893,215.5469,348
2025-04-09 07:15:00,218.0202,218.0202,217.0368,217.2653,274
2025-04-09 07:00:00,218.5367,219.5797,214.5635,215.5071,2942
2025-04-09 06:45:00,218.2586,219.7684,218.0401,218.5467,368
2025-04-09 06:30:00,217.4342,218.5665,217.0865,218.5665,56
2025-04-09 06:15:00,218.3579,218.3579,217.7321,217.7321,220
2025-04-09 06:00:00,218.5665,218.5665,217.9209,217.9308,82
2025-04-09 05:45:00,218.5268,218.5268,218.0500,218.5169,26
2025-04-09 05:30:00,218.9142,219.4108,218.5069,218.5268,1506
2025-04-09 05:15:00,219.5002,219.8479,218.5963,219.0234,358
2025-04-09 05:00:00,219.0334,219.5201,218.5268,219.5002,806
2025-04-09 04:45:00,218.4573,219.2221,218.3281,219.2221,377
2025-04-09 04:30:00,218.5864,219.1228,217.5235,218.4672,805
2025-04-09 04:15:00,218.4871,219.2718,218.4871,218.5864,334
2025-04-09 04:00:00,219.5499,220.4041,218.4672,218.5268,1597
2025-04-08 19:45:00,216.5501,217.5086,216.5402,216.5402,138
2025-04-08 19:30:00,216.6395,216.6395,216.5402,216.5402,186
2025-04-08 19:15:00,217.8811,218.0003,216.5402,216.5898,301
2025-04-08 19:00:00,219.5499,219.5499,217.3348,217.9934,784321
2025-04-08 18:45:00,217.8613,218.5169,217.8613,218.5169,19
2025-04-08 18:30:00,219.5499,219.5499,217.3360,218.5069,786748
2025-04-08 18:15:00,218.5367,219.4009,217.3348,217.3348,247
2025-04-08 18:00:00,219.5201,219.5201,218.3977,218.3977,450
2025-04-08 17:45:00,219.0830,219.5201,219.0731,219.1029,136
2025-04-08 17:30:00,218.7155,219.0830,218.5268,219.0731,58
2025-04-08 17:15:00,218.5367,218.8148,218.5353,218.8148,84
2025-04-08 17:00:00,219.5201,219.5499,218.3977,219.0532,365944
2025-04-08 16:45:00,218.5367,219.5499,218.3977,218.3977,88379
2025-04-08 16:30:00,219.5499,219.5499,218.3977,218.5367,6777
2025-04-08 16:15:00,219.5499,220.7617,218.4109,219.5499,10369
2025-04-08 16:00:00,219.5692,221.3080,218.3977,219.5499,2948272
2025-04-08 15:45:00,216.6991,219.8677,215.8250,219.5598,917185
2025-04-08 15:30:00,220.2253,220.2452,216.5998,216.6395,285043
2025-04-08 15:15:00,220.0267,220.6376,219.1724,220.3361,265834
2025-04-08 15:00:00,220.9802,221.1590,219.7982,220.0267,155229
2025-04-08 14:45:00,221.2658,222.2070,220.8213,220.9802,184563
2025-04-08 14:30:00,221.9437,224.4717,221.2205,221.2633,217795
2025-04-08 14:15:00,222.3113,223.4932,221.6954,221.9437,98133
2025-04-08 14:00:00,223.8360,223.9204,222.0928,222.2815,91366
2025-04-08 13:45:00,223.8037,224.0595,222.5596,223.9105,94738
2025-04-08 13:30:00,222.1027,224.6853,221.6954,223.9974,186217
2025-04-08 13:15:00,222.8079,223.4933,222.0042,222.1523,89186
2025-04-08 13:00:00,223.9850,224.2581,222.1722,222.8874,121907
2025-04-08 12:45:00,224.3227,225.5693,223.7913,223.9800,148530
2025-04-08 12:30:00,226.6619,226.9798,224.0098,224.4518,135666
2025-04-08 12:15:00,227.2679,227.3374,225.7282,226.7315,178541
2025-04-08 12:00:00,227.3871,228.0526,227.1288,227.2877,135077
2025-04-08 11:45:00,227.4169,227.7148,226.0958,227.4765,90037
2025-04-08 11:30:00,226.1405,227.9433,226.1107,227.4169,99841
2025-04-08 11:15:00,226.4484,227.3001,225.7808,226.1454,168011
2025-04-08 11:00:00,227.3573,228.0327,226.4434,226.5825,108580
2025-04-08 10:45:00,229.1998,229.5872,227.3573,227.4367,125697
2025-04-08 10:30:00,229.6518,230.3670,229.1055,229.1998,118187
2025-04-08 10:15:00,229.9200,230.4166,228.8472,229.6816,144841
2025-04-08 10:00:00,230.8040,231.1815,228.8174,229.8604,201921
2025-04-08 09:45:00,228.7280,231.1715,228.4386,230.7444,231024
2025-04-08 09:30:00,231.0027,231.4894,226.9798,228.7479,377507
2025-04-08 09:15:00,229.4730,233.2078,228.9565,231.2411,5668
2025-04-08 09:00:00,228.6585,229.8504,228.4598,229.4531,2020
2025-04-08 08:45:00,229.4531,229.4531,228.4598,229.1353,333
2025-04-08 08:30:00,229.3935,229.4531,228.4896,229.2545,1275
2025-04-08 08:15:00,229.8504,229.8504,224.2681,229.3935,450
2025-04-08 08:00:00,225.6400,229.8802,224.2681,229.2147,5092
2025-04-08 07:45:00,228.6088,229.1551,228.0029,229.1452,1076
2025-04-08 07:30:00,226.8904,229.3637,226.8904,228.8075,2345
2025-04-08 07:15:00,226.9798,227.4169,226.6321,226.8705,675
2025-04-08 07:00:00,227.0692,227.2977,225.9368,226.6321,1844
2025-04-08 06:45:00,227.4069,227.5062,227.3771,227.3771,84
2025-04-08 06:30:00,227.3573,227.4665,226.9798,227.3970,213
2025-04-08 06:15:00,227.0295,227.0295,226.9202,226.9202,5
2025-04-08 06:00:00,226.9500,227.1685,226.3739,227.0791,230
2025-04-08 05:45:00,227.9334,227.9334,227.2083,227.2083,91
2025-04-08 05:30:00,226.6321,227.3573,226.3640,226.4335,48
2025-04-08 05:15:00,227.1884,227.3076,226.4732,227.3076,120
2025-04-08 05:00:00,227.5758,227.5758,226.6321,226.9798,253
2025-04-08 04:45:00,227.2182,227.7943,226.9103,227.3672,406
2025-04-08 04:30:00,226.9699,227.2281,226.1355,227.2182,131
2025-04-08 04:15:00,227.2281,227.5758,226.3342,226.9699,268
2025-04-08 04:00:00,227.4665,228.2314,226.3540,227.1288,1222
2025-04-07 19:45:00,225.6885,227.4665,225.6885,227.0295,132
2025-04-07 19:30:00,226.5527,228.4598,226.5527,228.4598,113
2025-04-07 19:15:00,226.5725,228.4598,225.6786,226.5725,34
2025-04-07 19:00:00,224.2681,228.4598,224.2681,227.4792,832502
2025-04-07 18:45:00,225.5892,226.0262,225.5892,226.0262,245
2025-04-07 18:30:00,224.2681,225.9766,224.2681,225.5793,832285
2025-04-07 18:15:00,225.4700,228.4598,225.4600,225.9468,317
2025-04-07 18:00:00,225.4798,225.4798,225.0031,225.4700,55
2025-04-07 17:45:00,225.4600,225.4799,224.9833,224.9833,29
2025-04-07 17:30:00,225.4799,225.4799,224.9833,225.4600,17
2025-04-07 17:15:00,225.0925,225.4799,224.9833,225.4700,82
2025-04-07 17:00:00,225.0925,225.4799,224.2681,225.4700,268049
2025-04-07 16:45:00,224.9932,225.4799,223.4832,223.4832,1410
2025-04-07 16:30:00,224.8839,228.4598,224.5859,228.4598,337
2025-04-07 16:15:00,224.2681,228.4598,224.0297,224.5164,3193
2025-04-07 16:00:00,224.1787,235.6265,222.5000,224.2681,2633188
2025-04-07 15:45:00,223.4635,224.8343,223.0067,224.3575,540424
2025-04-07 15:30:00,223.2450,225.7680,223.1407,223.4585,223750
2025-04-07 15:15:00,223.2350,224.4767,222.4851,223.0066,168080
2025-04-07 15:00:00,223.9949,225.2912,222.5695,223.2350,123191
2025-04-07 14:45:00,225.5494,225.9367,223.6026,223.9204,106320
2025-04-07 14:30:00,224.9932,226.1256,224.8045,225.4799,148805
2025-04-07 14:15:00,225.2217,227.6751,224.5859,224.5859,163127
2025-04-07 14:00:00,226.7215,226.9301,224.4136,225.3706,169196
2025-04-07 13:45:00,225.2961,226.8507,224.2283,226.6719,201210
2025-04-07 13:30:00,224.6257,225.5296,223.0960,225.2465,154112
2025-04-07 13:15:00,222.5099,224.7226,222.2914,224.6008,141145
2025-04-07 13:00:00,220.1359,223.1357,219.6194,222.6291,203080
2025-04-07 12:45:00,220.4439,220.6823,219.3016,219.8578,105452
2025-04-07 12:30:00,221.6358,222.5646,220.0763,220.4439,118950
2025-04-07 12:15:00,219.6393,222.0828,218.9956,221.6358,121008
2025-04-07 12:00:00,220.4439,220.4637,218.9340,219.6244,176329
2025-04-07 11:45:00,221.8126,222.7086,220.4240,220.6475,138494
2025-04-07 11:30:00,217.0865,222.0182,216.9187,221.9487,358456
2025-04-07 11:15:00,218.5367,220.5035,216.7686,216.9574,275103
2025-04-07 11:00:00,223.4138,224.8641,218.3182,218.6112,204955
2025-04-07 10:45:00,221.3627,225.2912,220.2711,223.2251,314026
2025-04-07 10:30:00,221.2286,223.9552,218.9837,221.3080,231846
2025-04-07 10:15:00,226.6421,230.7345,220.6723,221.3776,385096
2025-04-07 10:00:00,220.7518,227.9085,219.0234,226.5825,415789
2025-04-07 09:45:00,214.6628,220.8710,213.9477,220.5432,460257
2025-04-07 09:30:00,217.7719,219.9571,213.0636,214.5933,827804
2025-04-07 09:15:00,217.6328,218.8148,216.7885,217.7520,7047
2025-04-07 09:00:00,217.6328,220.9604,217.6030,218.8148,1780
2025-04-07 08:45:00,218.9042,221.5067,217.5931,220.9604,5159
2025-04-07 08:30:00,221.0001,221.3974,218.6559,219.1128,7765
2025-04-07 08:15:00,219.0234,221.0001,218.6559,219.7585,2772
2025-04-07 08:00:00,220.5134,225.9567,199.0084,219.2718,12056
2025-04-07 07:45:00,219.4108,220.5134,219.2718,219.9671,1568
2025-04-07 07:30:00,220.1757,220.2452,218.7950,219.3314,1961
2025-04-07 07:15:00,220.4538,220.7617,219.5698,220.1657,1987
2025-04-07 07:00:00,221.2683,221.5067,220.0267,220.5134,2274
2025-04-07 06:45:00,222.2020,222.2020,220.7121,220.7121,1132
2025-04-07 06:30:00,220.5432,222.4503,220.5134,222.3013,2045
2025-04-07 06:15:00,218.5268,221.3676,218.5268,220.4935,605
2025-04-07 06:00:00,217.1858,218.5367,216.1925,218.5169,4248
2025-04-07 05:45:00,217.0070,217.6725,215.2489,216.3415,3145
2025-04-07 05:30:00,216.7587,217.8315,216.0733,217.0170,712
2025-04-07 05:15:00,216.1031,216.7587,214.0371,216.7587,3417
2025-04-07 05:00:00,215.7356,218.1791,215.7356,216.7587,2510
2025-04-07 04:45:00,218.0003,218.0003,215.7356,217.0170,171
2025-04-07 04:30:00,214.9906,218.3281,213.6199,217.5533,2935
2025-04-07 04:15:00,214.0569,217.5235,212.5074,213.9576,5047
2025-04-07 04:00:00,218.5268,223.0662,207.7693,212.5570,8096
2025-04-04 19:45:00,225.7183,225.9567,224.6058,225.0131,138
2025-04-04 19:30:00,225.4799,225.9666,225.4799,225.7183,39
2025-04-04 19:15:00,225.4920,225.9666,225.4799,225.7183,35
2025-04-04 19:00:00,225.9567,225.9567,225.4799,225.4799,866776
2025-04-04 18:45:00,225.8772,225.9766,225.4799,225.4799,357
2025-04-04 18:30:00,225.9567,225.9766,225.8574,225.9567,866396
2025-04-04 18:15:00,224.6058,226.4732,224.6058,225.8772,199
2025-04-04 18:00:00,225.9567,225.9766,224.6058,225.9423,2560
2025-04-04 17:45:00,225.9766,225.9766,225.4998,225.9766,83
2025-04-04 17:30:00,225.9567,225.9766,225.4910,225.7481,47
2025-04-04 17:15:00,225.4998,225.9766,225.4998,225.9567,233
2025-04-04 17:00:00,225.8772,225.9766,225.2316,225.4799,377
2025-04-04 16:45:00,225.9567,225.9766,225.2502,225.8772,3150
2025-04-04 16:30:00,225.4799,225.9567,224.4866,225.2812,933
2025-04-04 16:15:00,225.9567,227.2480,225.1819,225.4799,9777
2025-04-04 16:00:00,226.0064,227.2480,225.3408,225.9766,2764621
2025-04-04 15:45:00,228.9217,229.2644,225.3607,226.0064,905139
2025-04-04 15:30:00,228.1718,230.1385,228.0327,228.9267,474290
2025-04-04 15:15:00,228.6684,229.1899,227.1139,228.3307,377857
2025-04-04 15:00:00,227.9830,228.9366,226.9798,228.6783,195867
2025-04-04 14:45:00,227.2877,228.6187,227.1536,227.7446,144605
2025-04-04 14:30:00,229.1878,229.4233,226.9897,227.2281,162403
2025-04-04 14:15:00,230.4067,230.4663,228.9763,229.2644,92932
2025-04-04 14:00:00,231.9364,232.5324,230.4862,230.4862,144146
2025-04-04 13:45:00,230.6352,231.7775,230.4564,231.7626,216328
2025-04-04 13:30:00,228.9664,230.9828,228.5790,230.5458,142209
2025-04-04 13:15:00,227.8539,229.3687,227.6751,228.9763,132661
2025-04-04 13:00:00,230.0143,230.2676,227.7744,227.9532,202532
2025-04-04 12:45:00,230.2776,230.3868,229.5227,230.0590,139293
2025-04-04 12:30:00,230.7146,231.5887,230.1931,230.3272,121404
2025-04-04 12:15:00,232.6267,232.6267,230.3670,230.7941,162713
2025-04-04 12:00:00,231.5689,233.2277,231.5689,232.5995,132914
2025-04-04 11:45:00,232.0258,233.0241,231.4715,231.7179,143156
2025-04-04 11:30:00,232.8701,233.5803,231.6484,232.0357,132100
2025-04-04 11:15:00,236.3268,236.8036,232.6715,232.6715,184972
2025-04-04 11:00:00,234.4296,237.1016,234.1912,236.2225,218595
2025-04-04 10:45:00,233.7839,235.1646,231.8932,234.5190,273539
2025-04-04 10:30:00,234.1117,235.1448,233.8471,233.9429,229095
2025-04-04 10:15:00,236.1281,236.6844,234.0223,234.1812,311744
2025-04-04 10:00:00,237.6975,237.8167,235.7010,236.4261,173734
2025-04-04 09:45:00,235.1845,238.5518,234.4293,237.9085,251796
2025-04-04 09:30:00,236.4062,237.5287,234.8964,235.1845,644885
2025-04-04 09:15:00,239.2272,239.7338,236.4062,236.4360,5089
2025-04-04 09:00:00,238.6213,240.3298,237.4194,238.2439,5212
2025-04-04 08:45:00,238.1545,238.6312,237.0817,237.4512,3151
2025-04-04 08:30:00,236.8930,238.3929,236.4062,238.1247,2483
2025-04-04 08:15:00,234.8567,237.1612,234.4196,236.8930,4166
2025-04-04 08:00:00,235.1249,241.8595,231.8371,234.8567,8344
2025-04-04 07:45:00,232.4827,237.1711,232.2642,237.1711,6163
2025-04-04 07:30:00,233.6051,234.4196,232.4330,232.4628,5004
2025-04-04 07:15:00,235.9096,237.0618,233.5952,233.6846,3694
2025-04-04 07:00:00,235.3831,236.4857,234.8368,235.9593,1611
2025-04-04 06:45:00,234.6084,236.3665,234.2210,235.3831,1255
2025-04-04 06:30:00,235.3335,236.6446,234.1812,235.4030,1721
2025-04-04 06:15:00,237.9856,238.3929,235.3931,235.4229,890
2025-04-04 06:00:00,239.2670,239.7835,237.4393,237.7075,332
2025-04-04 05:45:00,239.1279,239.2471,239.1279,239.2471,94
2025-04-04 05:30:00,239.1577,239.1676,239.0882,239.1080,102
2025-04-04 05:15:00,239.3961,239.6842,239.1478,239.1478,840
2025-04-04 05:00:00,239.7537,239.8331,239.3564,239.3862,406
2025-04-04 04:45:00,239.9821,240.0020,239.4557,239.4557,4
2025-04-04 04:30:00,239.7537,239.7537,239.6742,239.6742,88
2025-04-04 04:15:00,240.2503,240.4788,239.4259,240.0815,1257
2025-04-04 04:00:00,240.3795,240.4987,239.6842,240.2106,328
2025-04-03 19:45:00,241.7105,241.7607,241.3926,241.3926,80
2025-04-03 19:30:00,241.7006,241.7105,241.3926,241.3926,225
2025-04-03 19:15:00,241.4920,241.5218,241.3926,241.3926,96
2025-04-03 19:00:00,241.8595,241.8595,241.4026,241.7607,554841
2025-04-03 18:45:00,241.6211,241.8595,241.0529,241.7602,1463
2025-04-03 18:30:00,241.8595,241.8595,240.8960,241.7701,553864
2025-04-03 18:15:00,241.7602,241.7602,240.8960,240.8960,321
2025-04-03 18:00:00,241.3728,241.7701,241.0350,241.3728,604
2025-04-03 17:45:00,241.7204,241.7701,241.3728,241.3728,332
2025-04-03 17:30:00,241.6211,241.7701,241.3728,241.7701,321
2025-04-03 17:15:00,241.3728,241.7006,241.3728,241.3728,443
2025-04-03 17:00:00,241.7602,241.8595,241.3728,241.3728,197
2025-04-03 16:45:00,241.1244,249.5527,240.8960,240.8960,172
2025-04-03 16:30:00,241.0556,241.8595,240.8860,240.8872,1823
2025-04-03 16:15:00,241.8595,241.9688,241.0621,241.0621,1942
2025-04-03 16:00:00,241.9588,243.4090,240.8872,241.9588,1816443
2025-04-03 15:45:00,242.1972,242.3164,241.1542,241.9588,579545
2025-04-03 15:30:00,241.8694,242.2469,241.1840,242.2220,144713
2025-04-03 15:15:00,242.4555,242.4555,241.3728,241.7473,172732
2025-04-03 15:00:00,242.8627,243.1210,241.9995,242.4505,88178
2025-04-03 14:45:00,242.7137,243.1011,242.1575,242.9819,70169
2025-04-03 14:30:00,243.0217,243.2968,242.3859,242.8528,96310
2025-04-03 14:15:00,243.7070,243.8362,242.8028,242.9025,84629
2025-04-03 14:00:00,244.7003,244.8493,243.7070,243.7070,82469
2025-04-03 13:45:00,245.6440,245.7828,244.5215,244.5960,110584
2025-04-03 13:30:00,244.1044,245.6142,243.6971,245.6142,99720
2025-04-03 13:15:00,243.3445,244.1540,243.2501,244.0001,59718
2025-04-03 13:00:00,243.0763,243.5531,242.7336,243.3445,130296
2025-04-03 12:45:00,243.9653,243.9653,242.9819,243.1011,91409
2025-04-03 12:30:00,243.7666,244.4520,243.1955,243.8163,127041
2025-04-03 12:15:00,243.5878,244.1640,243.3594,243.6673,186291
2025-04-03 12:00:00,242.7634,243.5878,242.6144,243.4686,122416
2025-04-03 11:45:00,243.3047,243.4686,242.3662,242.7634,106319
2025-04-03 11:30:00,243.1359,243.8858,242.5548,243.4090,119846
2025-04-03 11:15:00,242.4853,244.0249,242.4108,243.2478,370900
2025-04-03 11:00:00,241.6708,242.8429,241.3827,242.4853,205404
2025-04-03 10:45:00,242.6293,242.7336,241.6708,241.7204,187962
2025-04-03 10:30:00,241.2138,242.6740,240.9556,242.6045,237790
2025-04-03 10:15:00,242.8329,243.1210,240.9059,241.2834,249830
2025-04-03 10:00:00,244.7599,245.3559,242.3682,242.6445,299591
2025-04-03 09:45:00,248.3656,248.4848,244.4619,244.8593,199408
2025-04-03 09:30:00,241.0847,248.9318,241.0847,248.4054,344114
2025-04-03 09:15:00,241.8694,244.3527,240.6278,244.3527,3836
2025-04-03 09:00:00,241.6211,241.8595,240.4788,241.5714,3341
2025-04-03 08:45:00,242.4952,242.9621,240.8761,241.6211,5023
2025-04-03 08:30:00,243.2501,248.3060,241.5714,243.0316,1567
2025-04-03 08:15:00,243.3594,243.3594,242.3661,242.8925,362
2025-04-03 08:00:00,241.9688,248.3060,241.4100,243.3594,5165
2025-04-03 07:45:00,242.2071,242.8429,241.8992,242.8230,381
2025-04-03 07:30:00,242.3661,242.5846,241.7204,241.7701,1543
2025-04-03 07:15:00,242.3661,242.5945,242.3661,242.3959,189
2025-04-03 07:00:00,242.3661,242.6641,241.6310,242.2171,579
2025-04-03 06:45:00,242.3760,242.8528,242.2171,242.3661,455
2025-04-03 06:30:00,242.8627,243.1110,242.3760,242.3760,420
2025-04-03 06:15:00,243.0713,243.1508,242.3263,242.3263,738
2025-04-03 06:00:00,243.3792,243.4488,243.0018,243.2998,643
2025-04-03 05:45:00,243.3594,243.5779,243.3097,243.3097,134
2025-04-03 05:30:00,243.6574,243.9951,243.3594,243.3892,71
2025-04-03 05:15:00,243.6574,243.6574,243.6574,243.6574,13
2025-04-03 05:00:00,243.9454,244.0249,243.4190,243.4190,76
2025-04-03 04:45:00,244.7003,244.7003,243.9554,243.9554,945
2025-04-03 04:30:00,245.1473,245.1771,244.6507,244.6507,513
2025-04-03 04:15:00,244.3527,245.1871,244.3527,244.9785,334
2025-04-03 04:00:00,243.9554,245.0480,243.3892,243.9951,932
2025-04-02 19:45:00,243.8560,248.4252,243.4587,246.0413,22932
2025-04-02 19:30:00,244.0249,244.1044,243.4587,243.8461,1208
2025-04-02 19:15:00,243.6077,244.1044,243.4587,243.4587,422
2025-04-02 19:00:00,248.3060,248.3060,243.4587,243.5878,709381
2025-04-02 18:45:00,243.4587,244.1044,243.4587,243.4587,889
2025-04-02 18:30:00,248.3060,248.3060,243.3594,243.5084,710390
2025-04-02 18:15:00,244.3626,244.6507,242.3661,244.0547,2575
2025-04-02 18:00:00,245.4453,245.8327,244.3527,244.3626,2275
2025-04-02 17:45:00,244.1540,245.8327,244.1540,244.3528,430
2025-04-02 17:30:00,244.3527,245.8327,244.1540,244.1838,211
2025-04-02 17:15:00,244.8990,245.8327,243.6176,245.8327,2051
2025-04-02 17:00:00,244.6507,245.8327,243.6188,244.6109,6478
2025-04-02 16:45:00,245.8426,245.8426,243.9951,245.6936,4633
2025-04-02 16:30:00,245.5744,248.3060,242.3661,243.9454,3063
2025-04-02 16:15:00,248.3060,250.3125,245.3460,248.3259,31820
2025-04-02 16:00:00,248.0974,250.1039,247.1240,250.0840,2458288
2025-04-02 15:45:00,248.0627,248.5444,247.5908,248.0974,502976
2025-04-02 15:30:00,247.2233,248.0974,247.0843,248.0974,103750
2025-04-02 15:15:00,246.6273,247.3425,246.5106,247.2233,88791
2025-04-02 15:00:00,246.0463,247.0545,246.0463,246.5876,79895
2025-04-02 14:45:00,246.9998,247.0644,246.0512,246.0512,65116
2025-04-02 14:30:00,245.9271,247.2333,245.9221,246.9998,94220
2025-04-02 14:15:00,247.1687,247.2581,246.0264,246.0264,86685
2025-04-02 14:00:00,247.9087,248.1471,246.8558,247.1588,96104
2025-04-02 13:45:00,248.2961,248.4054,247.6055,247.9087,81927
2025-04-02 13:30:00,249.6023,249.6374,248.2266,248.3656,82274
2025-04-02 13:15:00,250.5612,250.5612,249.5278,249.6073,65604
2025-04-02 13:00:00,250.2430,250.8489,250.1039,250.5062,79869
2025-04-02 12:45:00,249.8953,250.6006,249.8158,250.2430,159248
2025-04-02 12:30:00,249.9152,250.0940,249.3192,249.9052,92512
2025-04-02 12:15:00,249.8894,250.0642,249.7165,249.9251,64108
2025-04-02 12:00:00,249.7960,249.9152,249.3887,249.9152,58252
2025-04-02 11:45:00,250.2010,250.2010,249.3093,249.7364,84424
2025-04-02 11:30:00,250.4597,251.0972,250.1536,250.1784,71757
2025-04-02 11:15:00,249.0367,250.7794,248.8821,250.3721,148104
2025-04-02 11:00:00,249.3192,249.4881,248.9815,249.0113,90490
2025-04-02 10:45:00,248.5295,249.3291,248.4153,249.3291,100957
2025-04-02 10:30:00,248.1769,248.7629,248.0875,248.5444,87078
2025-04-02 10:15:00,247.2134,248.8225,247.0942,248.2266,163316
2025-04-02 10:00:00,247.1488,248.0180,246.8061,247.2134,107512
2025-04-02 09:45:00,246.9104,247.4121,246.4386,247.1488,93568
2025-04-02 09:30:00,246.5578,247.9782,245.5744,246.8210,206046
2025-04-02 09:15:00,247.0147,247.1538,245.8426,246.2400,324
2025-04-02 09:00:00,246.9353,247.0247,245.8426,246.1506,1139
2025-04-02 08:45:00,246.3592,246.3989,245.3460,245.3460,144
2025-04-02 08:30:00,246.3691,247.0247,245.3460,246.0910,461
2025-04-02 08:15:00,246.8260,248.0180,246.3393,246.3691,1318
2025-04-02 08:00:00,248.5891,248.6636,245.7433,246.8260,1591
2025-04-02 07:45:00,247.5312,247.5412,247.5312,247.5412,123
2025-04-02 07:30:00,248.1173,248.1173,247.6008,247.6008,152
2025-04-02 07:15:00,247.8094,247.8292,247.7200,247.7200,193
2025-04-02 07:00:00,248.0180,248.1769,247.1637,247.8292,310
2025-04-02 06:30:00,247.1836,247.1836,247.1836,247.1836,2
2025-04-02 06:00:00,248.0378,248.2166,246.9353,247.1339,432
2025-04-02 05:45:00,248.0378,248.0378,248.0279,248.0279,27
2025-04-02 04:30:00,247.6802,248.3557,247.6802,248.3259,117
2025-04-02 04:15:00,248.1074,248.1074,248.1074,248.1074,1
2025-04-02 04:00:00,247.3922,248.3259,247.3922,247.5610,38
2025-04-01 19:45:00,249.0907,249.8357,248.7232,248.7232,92
2025-04-01 19:30:00,248.7431,248.7431,248.6934,248.6934,29
2025-04-01 19:15:00,249.0907,249.7563,248.8225,248.8225,14
2025-04-01 19:00:00,248.6636,249.0907,248.6636,248.7431,588612
2025-04-01 18:45:00,248.6735,249.0907,248.6735,249.0907,13
2025-04-01 18:30:00,248.6636,248.7431,248.6636,248.7431,588557
2025-04-01 18:15:00,248.6636,248.6934,248.6636,248.6736,19
2025-04-01 18:00:00,248.3259,248.9318,248.3259,248.9318,123
2025-04-01 17:45:00,248.6239,248.6239,248.3458,248.6239,50
2025-04-01 17:30:00,248.3358,248.6239,248.3259,248.3358,39
2025-04-01 17:15:00,248.5246,248.6636,248.3259,248.3259,390
2025-04-01 17:00:00,248.5246,248.5246,248.3259,248.3358,38
2025-04-01 16:45:00,248.3259,248.3358,244.9586,247.8789,204
2025-04-01 16:30:00,248.3358,248.6636,248.3259,248.3259,37546
2025-04-01 16:15:00,248.6636,249.7980,248.3260,249.7980,9234
2025-04-01 16:00:00,248.6289,249.3331,246.2400,249.0907,2293490
2025-04-01 15:45:00,247.6802,248.9417,247.6604,248.5941,579015
2025-04-01 15:30:00,247.1141,247.6504,247.0346,247.6504,140074
2025-04-01 15:15:00,246.3790,247.2929,246.3790,247.1190,82783
2025-04-01 15:00:00,246.2698,246.6472,246.1208,246.3393,65929
2025-04-01 14:45:00,245.4652,246.3393,245.3559,246.2698,91133
2025-04-01 14:30:00,245.5049,245.7211,245.2963,245.5496,73290
2025-04-01 14:15:00,246.1357,246.1605,245.3122,245.4751,71191
2025-04-01 14:00:00,246.8359,246.8359,245.6936,246.1704,112586
2025-04-01 13:45:00,246.5429,247.0247,246.5181,246.7068,49504
2025-04-01 13:30:00,246.5777,246.9353,246.4386,246.5429,59852
2025-04-01 13:15:00,247.3127,247.4121,246.4386,246.5777,73247
2025-04-01 13:00:00,247.4815,247.4965,246.5380,247.3525,71029
2025-04-01 12:45:00,246.5951,247.5412,246.4386,247.3326,60207
2025-04-01 12:30:00,246.8596,246.9849,246.3890,246.6224,81253
2025-04-01 12:15:00,247.1439,247.6214,246.6969,246.8012,61413
2025-04-01 12:00:00,246.9551,247.5610,246.9452,247.2134,347392
2025-04-01 11:45:00,247.5058,247.5213,246.8558,247.0321,63192
2025-04-01 11:30:00,247.4105,247.6703,247.0151,247.3972,92877
2025-04-01 11:15:00,247.1566,247.9385,246.6174,247.3326,144540
2025-04-01 11:00:00,245.4453,247.2133,245.4453,247.2133,90345
2025-04-01 10:45:00,243.6772,245.6440,243.4190,245.4453,92177
2025-04-01 10:30:00,242.6343,243.9057,242.5846,243.6375,104985
2025-04-01 10:15:00,243.0366,243.1706,241.8595,242.7237,128540
2025-04-01 10:00:00,243.8560,244.0348,242.7336,242.9571,188849
2025-04-01 09:45:00,244.4371,245.3708,243.5779,243.6574,134941
2025-04-01 09:30:00,246.3691,246.3691,243.8858,244.5563,169501
2025-04-01 09:15:00,245.7930,245.9916,245.2367,245.9916,774
2025-04-01 09:00:00,245.3460,245.8426,244.7500,245.8327,410
2025-04-01 08:45:00,245.5546,245.7334,245.2367,245.3956,414
2025-04-01 08:30:00,246.9949,246.9949,245.4056,245.4254,2969
2025-04-01 08:15:00,246.9949,246.9949,244.8791,244.8791,1153
2025-04-01 08:00:00,247.0048,247.0048,245.2566,245.8426,8908
2025-04-01 07:45:00,245.6936,245.6936,245.6539,245.6539,48
2025-04-01 07:30:00,245.5943,245.7135,245.2765,245.7135,259
2025-04-01 07:15:00,245.6142,246.2102,245.3658,245.9420,12
2025-04-01 07:00:00,246.1506,246.1704,245.2963,245.6142,453
2025-04-01 06:45:00,245.5546,246.2400,245.5446,245.5446,953
2025-04-01 06:30:00,245.8625,246.1307,245.2665,245.4950,282
2025-04-01 06:15:00,245.9420,246.0214,245.9420,246.0214,59
2025-04-01 06:00:00,246.1605,246.1605,245.4354,245.8923,369
2025-04-01 05:45:00,246.1208,246.1208,246.0612,246.0711,27
2025-04-01 05:30:00,246.0314,246.1804,245.8426,246.1804,617
2025-04-01 05:15:00,246.3989,246.3989,245.8327,245.8327,618
2025-04-01 05:00:00,246.3691,246.6373,246.3592,246.3592,548
2025-04-01 04:45:00,247.0346,247.0346,246.1108,246.3691,179
2025-04-01 04:30:00,247.2730,247.2730,246.8161,247.2333,413
2025-04-01 04:15:00,246.3592,246.7465,245.8724,246.7465,181
2025-04-01 04:00:00,247.2035,247.2035,246.2598,246.2598,174
